{"train/loss":-13.399408340454102,"_wandb":{"runtime":1453},"_runtime":1453.11929556,"_step":8104,"Agent/log_likelihood":26.83385467529297,"_timestamp":1.7424394173454957e+09,"Agent/loss":-15.66071891784668,"train/learning_rate":0.00044470660996514307}