{"_runtime":41.095436559,"_step":52,"_wandb":{"runtime":41},"Agent/log_likelihood":-3.5870869159698486,"_timestamp":1.7424359880162356e+09,"Agent/loss":8.85950756072998,"train/learning_rate":0.0009948132379270468,"train/loss":8.85950756072998}