{"train/loss":-5.9733781814575195,"_runtime":269.510891771,"_step":1371,"_wandb":{"runtime":269},"Agent/log_likelihood":17.59711265563965,"_timestamp":1.7424371122836046e+09,"Agent/loss":-8.437677383422852,"train/learning_rate":0.0008719642527583038}