{"_step":496,"Agent/log_likelihood":9.7537841796875,"_wandb":{"runtime":163},"_timestamp":1.7424743691040087e+09,"Agent/loss":-2.7661025524139404,"train/learning_rate":0.0009517028025120729,"train/loss":-6.1844964027404785,"_runtime":163.17030736}