{"Agent/loss":-10.293970108032227,"train/learning_rate":0.0008598412064007817,"train/loss":-10.293970108032227,"_wandb":{"runtime":294},"_runtime":294.447477238,"_step":1510,"Agent/log_likelihood":19.477312088012695,"_timestamp":1.7424358053111303e+09}