{"_timestamp":1.74247916790288e+09,"col_cross_median":0,"col_truth_hist":{"bins":[-0.5,-0.484375,-0.46875,-0.453125,-0.4375,-0.421875,-0.40625,-0.390625,-0.375,-0.359375,-0.34375,-0.328125,-0.3125,-0.296875,-0.28125,-0.265625,-0.25,-0.234375,-0.21875,-0.203125,-0.1875,-0.171875,-0.15625,-0.140625,-0.125,-0.109375,-0.09375,-0.078125,-0.0625,-0.046875,-0.03125,-0.015625,0,0.015625,0.03125,0.046875,0.0625,0.078125,0.09375,0.109375,0.125,0.140625,0.15625,0.171875,0.1875,0.203125,0.21875,0.234375,0.25,0.265625,0.28125,0.296875,0.3125,0.328125,0.34375,0.359375,0.375,0.390625,0.40625,0.421875,0.4375,0.453125,0.46875,0.484375,0.5],"_type":"histogram","values":[0,0,0,0,0,0,0,0,0,0,0,0,0,0,0,0,0,0,0,0,0,0,0,0,0,0,0,0,0,0,0,0,7227,0,0,0,0,0,0,0,0,0,0,0,0,0,0,0,0,0,0,0,0,0,0,0,0,0,0,0,0,0,0,0]},"obs_viols_hist":{"_type":"histogram","values":[0,0,0,0,0,0,0,0,0,0,0,0,0,0,0,0,0,0,0,0,0,0,0,0,0,0,0,0,0,0,0,0,7227,0,0,0,0,0,0,0,0,0,0,0,0,0,0,0,0,0,0,0,0,0,0,0,0,0,0,0,0,0,0,0],"bins":[-0.5,-0.484375,-0.46875,-0.453125,-0.4375,-0.421875,-0.40625,-0.390625,-0.375,-0.359375,-0.34375,-0.328125,-0.3125,-0.296875,-0.28125,-0.265625,-0.25,-0.234375,-0.21875,-0.203125,-0.1875,-0.171875,-0.15625,-0.140625,-0.125,-0.109375,-0.09375,-0.078125,-0.0625,-0.046875,-0.03125,-0.015625,0,0.015625,0.03125,0.046875,0.0625,0.078125,0.09375,0.109375,0.125,0.140625,0.15625,0.171875,0.1875,0.203125,0.21875,0.234375,0.25,0.265625,0.28125,0.296875,0.3125,0.328125,0.34375,0.359375,0.375,0.390625,0.40625,0.421875,0.4375,0.453125,0.46875,0.484375,0.5]},"col_truth_std":0,"col_cross_min":0,"_wandb":{"runtime":4007},"ade_hist":{"values":[1151,569,589,651,582,563,526,406,380,312,266,219,158,165,118,104,86,62,57,56,32,29,16,16,14,22,14,4,4,3,10,3,3,1,4,3,1,3,3,4,5,2,3,0,1,1,1,1,0,0,0,0,0,0,0,0,0,0,1,0,1,0,0,2],"bins":[0.0029593739032676646,0.05529071527631622,0.10762205664936478,0.15995339802241332,0.21228473939546189,0.26461608076851045,0.31694742214155897,0.36927876351460753,0.4216101048876561,0.47394144626070467,0.5262727876337532,0.5786041290068017,0.6309354703798502,0.6832668117528988,0.7355981531259473,0.787929494498996,0.8402608358720445,0.892592177245093,0.9449235186181416,0.9972548599911901,1.0495862013642387,1.1019175427372871,1.1542488841103358,1.2065802254833844,1.2589115668564328,1.3112429082294814,1.36357424960253,1.4159055909755787,1.468236932348627,1.5205682737216757,1.5728996150947243,1.6252309564677727,1.6775622978408213,1.72989363921387,1.7822249805869184,1.834556321959967,1.8868876633330156,1.939219004706064,1.9915503460791126,2.0438816874521613,2.09621302882521,2.1485443701982585,2.2008757115713067,2.2532070529443553,2.305538394317404,2.3578697356904526,2.410201077063501,2.46253241843655,2.514863759809598,2.5671951011826466,2.6195264425556952,2.671857783928744,2.7241891253017925,2.776520466674841,2.8288518080478897,2.881183149420938,2.9335144907939865,2.985845832167035,3.0381771735400838,3.0905085149131324,3.142839856286181,3.195171197659229,3.247502539032278,3.2998338804053264,3.352165221778375],"_type":"histogram"},"_runtime":4007.303926121,"fde_std":0.8031034386658523,"obs_viols_median":0,"fde_median":0.6671800852698206,"kde_hist":{"_type":"histogram","values":[0,0,0,0,0,0,0,0,0,0,0,0,0,0,0,0,0,0,0,0,0,0,0,0,0,0,0,0,0,0,0,0,7227,0,0,0,0,0,0,0,0,0,0,0,0,0,0,0,0,0,0,0,0,0,0,0,0,0,0,0,0,0,0,0],"bins":[-0.5,-0.484375,-0.46875,-0.453125,-0.4375,-0.421875,-0.40625,-0.390625,-0.375,-0.359375,-0.34375,-0.328125,-0.3125,-0.296875,-0.28125,-0.265625,-0.25,-0.234375,-0.21875,-0.203125,-0.1875,-0.171875,-0.15625,-0.140625,-0.125,-0.109375,-0.09375,-0.078125,-0.0625,-0.046875,-0.03125,-0.015625,0,0.015625,0.03125,0.046875,0.0625,0.078125,0.09375,0.109375,0.125,0.140625,0.15625,0.171875,0.1875,0.203125,0.21875,0.234375,0.25,0.265625,0.28125,0.296875,0.3125,0.328125,0.34375,0.359375,0.375,0.390625,0.40625,0.421875,0.4375,0.453125,0.46875,0.484375,0.5]},"col_cross_mean":0,"col_truth_max":0,"kde_bar_plot":{"path":"media/images/kde_bar_plot_14800_eab8e18680e2f0015725.png","format":"png","width":500,"height":500,"_type":"image-file","sha256":"eab8e18680e2f00157257d3ecdddff8c7b2dc85e4c1002e983fad247616b81be","size":8957},"kde_median":0,"nll_median":-23.187664031982422,"col_joint_min":0,"ade_max":3.352165221778375,"ade_box_plot":{"format":"png","width":500,"height":500,"_type":"image-file","sha256":"3bc14f6bff57dab60929438b51367005f39e76e4f60ffc22187053b5804cf120","size":10366,"path":"media/images/ade_box_plot_14800_3bc14f6bff57dab60929.png"},"nll_std":1.8265794515609741,"nll_mean":-23.143978118896484,"kde_mean":0,"ade_std":0.3109099380845241,"fde_min":0.00309105673019019,"col_cross_hist":{"_type":"histogram","values":[0,0,0,0,0,0,0,0,0,0,0,0,0,0,0,0,0,0,0,0,0,0,0,0,0,0,0,0,0,0,0,0,7227,0,0,0,0,0,0,0,0,0,0,0,0,0,0,0,0,0,0,0,0,0,0,0,0,0,0,0,0,0,0,0],"bins":[-0.5,-0.484375,-0.46875,-0.453125,-0.4375,-0.421875,-0.40625,-0.390625,-0.375,-0.359375,-0.34375,-0.328125,-0.3125,-0.296875,-0.28125,-0.265625,-0.25,-0.234375,-0.21875,-0.203125,-0.1875,-0.171875,-0.15625,-0.140625,-0.125,-0.109375,-0.09375,-0.078125,-0.0625,-0.046875,-0.03125,-0.015625,0,0.015625,0.03125,0.046875,0.0625,0.078125,0.09375,0.109375,0.125,0.140625,0.15625,0.171875,0.1875,0.203125,0.21875,0.234375,0.25,0.265625,0.28125,0.296875,0.3125,0.328125,0.34375,0.359375,0.375,0.390625,0.40625,0.421875,0.4375,0.453125,0.46875,0.484375,0.5]},"ade_mean":0.3403578736995671,"fde_hist":{"_type":"histogram","values":[1294,630,607,627,579,565,467,404,354,331,246,190,156,130,121,93,83,68,54,46,28,25,13,20,8,11,11,7,8,7,4,3,4,4,2,6,2,3,2,3,0,2,1,0,1,1,0,1,0,1,0,0,0,0,0,0,1,1,0,0,0,0,0,2],"bins":[0.00309105673019019,0.14136369448275146,0.2796363322353127,0.41790896998787397,0.5561816077404352,0.6944542454929965,0.8327268832455578,0.970999520998119,1.1092721587506804,1.2475447965032416,1.385817434255803,1.5240900720083643,1.6623627097609255,1.8006353475134866,1.938907985266048,2.0771806230186094,2.2154532607711706,2.3537258985237317,2.491998536276293,2.6302711740288545,2.7685438117814156,2.9068164495339768,3.0450890872865384,3.1833617250390995,3.3216343627916607,3.459907000544222,3.598179638296783,3.7364522760493446,3.8747249138019058,4.0129975515544665,4.151270189307028,4.289542827059589,4.42781546481215,4.566088102564712,4.704360740317273,4.842633378069834,4.980906015822395,5.119178653574957,5.257451291327518,5.395723929080079,5.5339965668326405,5.672269204585202,5.810541842337763,5.948814480090324,6.087087117842886,6.225359755595447,6.363632393348008,6.501905031100569,6.640177668853131,6.778450306605692,6.916722944358253,7.054995582110815,7.193268219863375,7.331540857615937,7.4698134953684985,7.608086133121059,7.746358770873621,7.884631408626182,8.022904046378743,8.161176684131304,8.299449321883866,8.437721959636427,8.575994597388988,8.71426723514155,8.852539872894111]},"_step":14800,"col_cross_std":0,"nll_max":-17.628793716430664,"obs_viols_mean":0,"col_truth_mean":0,"fde_box_plot":{"sha256":"caf105092d0ffb219cab8fd149642931e29245de1b325c42e93980fe61f54e45","size":10338,"path":"media/images/fde_box_plot_14800_caf105092d0ffb219cab.png","format":"png","width":500,"height":500,"_type":"image-file"},"col_joint_median":0,"col_truth_min":0,"col_joint_hist":{"bins":[-0.5,-0.484375,-0.46875,-0.453125,-0.4375,-0.421875,-0.40625,-0.390625,-0.375,-0.359375,-0.34375,-0.328125,-0.3125,-0.296875,-0.28125,-0.265625,-0.25,-0.234375,-0.21875,-0.203125,-0.1875,-0.171875,-0.15625,-0.140625,-0.125,-0.109375,-0.09375,-0.078125,-0.0625,-0.046875,-0.03125,-0.015625,0,0.015625,0.03125,0.046875,0.0625,0.078125,0.09375,0.109375,0.125,0.140625,0.15625,0.171875,0.1875,0.203125,0.21875,0.234375,0.25,0.265625,0.28125,0.296875,0.3125,0.328125,0.34375,0.359375,0.375,0.390625,0.40625,0.421875,0.4375,0.453125,0.46875,0.484375,0.5],"_type":"histogram","values":[0,0,0,0,0,0,0,0,0,0,0,0,0,0,0,0,0,0,0,0,0,0,0,0,0,0,0,0,0,0,0,0,7227,0,0,0,0,0,0,0,0,0,0,0,0,0,0,0,0,0,0,0,0,0,0,0,0,0,0,0,0,0,0,0]},"fde_max":8.852539872894111,"obs_viols_min":0,"col_joint_mean":0,