{"obs_viols_mean":0,"fde_hist":{"bins":[0.0007872559025715102,0.06145913511075566,0.1221310143189398,0.18280289352712395,0.2434747727353081,0.3041466519434923,0.3648185311516764,0.4254904103598605,0.4861622895680447,0.5468341687762289,0.6075060479844131,0.6681779271925972,0.7288498064007813,0.7895216856089655,0.8501935648171496,0.9108654440253338,0.9715373232335179,1.032209202441702,1.0928810816498862,1.1535529608580704,1.2142248400662545,1.2748967192744385,1.3355685984826227,1.3962404776908068,1.456912356898991,1.5175842361071752,1.5782561153153594,1.6389279945235435,1.6995998737317275,1.7602717529399117,1.8209436321480958,1.88161551135628,1.9422873905644642,2.0029592697726484,2.0636311489808326,2.1243030281890167,2.184974907397201,2.245646786605385,2.3063186658135693,2.3669905450217534,2.4276624242299376,2.4883343034381213,2.5490061826463055,2.6096780618544897,2.670349941062674,2.731021820270858,2.7916936994790422,2.8523655786872264,2.9130374578954106,2.9737093371035948,3.034381216311779,3.095053095519963,3.1557249747281473,3.2163968539363315,3.2770687331445156,3.3377406123527,3.3984124915608835,3.4590843707690677,3.519756249977252,3.580428129185436,3.6411000083936202,3.7017718876018044,3.7624437668099886,3.8231156460181728,3.883787525226357],"_type":"histogram","values":[1682,824,930,906,797,708,587,525,407,299,284,197,155,158,105,75,53,56,52,32,23,19,12,10,14,7,7,8,8,7,6,3,1,4,4,4,0,3,1,0,1,1,0,0,1,1,0,0,0,1,0,0,0,0,2,1,0,0,0,0,0,0,0,1]},"col_truth_min":0,"nll_median":-17.288150787353516,"ade_median":0.10297509818673632,"Agent/log_likelihood":18.873937606811523,"_timestamp":1.742549612686059e+09,"nll_hist":{"bins":[-20.37955665588379,-20.310504913330078,-20.241455078125,-20.17240333557129,-20.103351593017578,-20.0343017578125,-19.96525001525879,-19.896198272705078,-19.8271484375,-19.75809669494629,-19.689044952392578,-19.619993209838867,-19.55094337463379,-19.481891632080078,-19.412839889526367,-19.34379005432129,-19.274738311767578,-19.205686569213867,-19.13663673400879,-19.067584991455078,-18.998533248901367,-18.92948341369629,-18.860431671142578,-18.791379928588867,-18.722328186035156,-18.653278350830078,-18.584226608276367,-18.515174865722656,-18.446125030517578,-18.377073287963867,-18.308021545410156,-18.238971710205078,-18.169919967651367,-18.100868225097656,-18.031818389892578,-17.962766647338867,-17.893714904785156,-17.824665069580078,-17.755613327026367,-17.686561584472656,-17.617511749267578,-17.548460006713867,-17.479408264160156,-17.410356521606445,-17.341306686401367,-17.272254943847656,-17.203203201293945,-17.134153366088867,-17.065101623535156,-16.996049880981445,-16.927000045776367,-16.857948303222656,-16.788896560668945,-16.719846725463867,-16.650794982910156,-16.581743240356445,-16.512691497802734,-16.443641662597656,-16.374589920043945,-16.305538177490234,-16.236488342285156,-16.167436599731445,-16.098384857177734,-16.029335021972656,-15.960283279418945],"_type":"histogram","values":[1,0,0,0,0,0,0,0,0,0,0,0,0,0,0,0,0,1,1,0,0,0,0,0,2,0,0,0,1,1,0,0,0,1,0,1,0,2,0,1,2,0,1,0,4,1,3,2,3,2,0,0,1,0,0,1,0,1,0,1,1,0,0,1]},"nll_max":-15.960283279418945,"col_truth_max":0,"col_cross_max":0,"col_joint_min":0,"col_joint_hist":{"_type":"histogram","values":[0,0,0,0,0,0,0,0,0,0,0,0,0,0,0,0,0,0,0,0,0,0,0,0,0,0,0,0,0,0,0,0,8982,0,0,0,0,0,0,0,0,0,0,0,0,0,0,0,0,0,0,0,0,0,0,0,0,0,0,0,0,0,0,0],"bins":[-0.5,-0.484375,-0.46875,-0.453125,-0.4375,-0.421875,-0.40625,-0.390625,-0.375,-0.359375,-0.34375,-0.328125,-0.3125,-0.296875,-0.28125,-0.265625,-0.25,-0.234375,-0.21875,-0.203125,-0.1875,-0.171875,-0.15625,-0.140625,-0.125,-0.109375,-0.09375,-0.078125,-0.0625,-0.046875,-0.03125,-0.015625,0,0.015625,0.03125,0.046875,0.0625,0.078125,0.09375,0.109375,0.125,0.140625,0.15625,0.171875,0.1875,0.203125,0.21875,0.234375,0.25,0.265625,0.28125,0.296875,0.3125,0.328125,0.34375,0.359375,0.375,0.390625,0.40625,0.421875,0.4375,0.453125,0.46875,0.484375,0.5]},"kde_bar_plot":{"path":"media/images/kde_bar_plot_17500_a44e7edc689e314897c3.png","format":"png","width":500,"height":500,"_type":"image-file","sha256":"a44e7edc689e314897c3ecf91b95830611f700c10f6b1f0ebee5df18cb7db84f","size":8661},"col_truth_hist":{"_type":"histogram","values":[0,0,0,0,0,0,0,0,0,0,0,0,0,0,0,0,0,0,0,0,0,0,0,0,0,0,0,0,0,0,0,0,8982,0,0,0,0,0,0,0,0,0,0,0,0,0,0,0,0,0,0,0,0,0,0,0,0,0,0,0,0,0,0,0],"bins":[-0.5,-0.484375,-0.46875,-0.453125,-0.4375,-0.421875,-0.40625,-0.390625,-0.375,-0.359375,-0.34375,-0.328125,-0.3125,-0.296875,-0.28125,-0.265625,-0.25,-0.234375,-0.21875,-0.203125,-0.1875,-0.171875,-0.15625,-0.140625,-0.125,-0.109375,-0.09375,-0.078125,-0.0625,-0.046875,-0.03125,-0.015625,0,0.015625,0.03125,0.046875,0.0625,0.078125,0.09375,0.109375,0.125,0.140625,0.15625,0.171875,0.1875,0.203125,0.21875,0.234375,0.25,0.265625,0.28125,0.296875,0.3125,0.328125,0.34375,0.359375,0.375,0.390625,0.40625,0.421875,0.4375,0.453125,0.46875,0.484375,0.5]},"col_cross_median":0,"col_cross_hist":{"values":[0,0,0,0,0,0,0,0,0,0,0,0,0,0,0,0,0,0,0,0,0,0,0,0,0,0,0,0,0,0,0,0,8982,0,0,0,0,0,0,0,0,0,0,0,0,0,0,0,0,0,0,0,0,0,0,0,0,0,0,0,0,0,0,0],"bins":[-0.5,-0.484375,-0.46875,-0.453125,-0.4375,-0.421875,-0.40625,-0.390625,-0.375,-0.359375,-0.34375,-0.328125,-0.3125,-0.296875,-0.28125,-0.265625,-0.25,-0.234375,-0.21875,-0.203125,-0.1875,-0.171875,-0.15625,-0.140625,-0.125,-0.109375,-0.09375,-0.078125,-0.0625,-0.046875,-0.03125,-0.015625,0,0.015625,0.03125,0.046875,0.0625,0.078125,0.09375,0.109375,0.125,0.140625,0.15625,0.171875,0.1875,0.203125,0.21875,0.234375,0.25,0.265625,0.28125,0.296875,0.3125,0.328125,0.34375,0.359375,0.375,0.390625,0.40625,0.421875,0.4375,0.453125,0.46875,0.484375,0.5],"_type":"histogram"},"Agent/loss":-10.029651641845703,"fde_min":0.0007872559025715102,"fde_box_plot":{"height":500,"_type":"image-file","sha256":"f5e5189e10f1cb3cfddc7f405b45929d672cbe5cb2425d8708ffccb7abadf0e4","size":10248,"path":"media/images/fde_box_plot_17500_f5e5189e10f1cb3cfddc.png","format":"png","width":500},"_runtime":3226.595479749,"obs_viols_median":0,"obs_viols_std":0,"col_cross_std":0,"fde_mean":0.3269420137032013,"col_joint_std":0,"fde_max":3.883787525226357,"obs_viols_max":0,"_wandb":{"runtime":3226},"ade_min":0.0006294840154323876,"kde_max":0,"col_truth_median":0,"col_truth_std":0,"col_cross_min":0,"ade_mean":0.1295654764168229,"fde_std":0.3127962541170972,"kde_std":0,"kde_mean":0,"ade_std":0.12047934755902329,"ade_box_plot":{"format":"png","width":500,"height":500,"_type":"image-file","sha256":"68c408701179e6980f05ee69eec43f97202751b25c655210a1da3c49f50b9a93","size":9521,"path":"media/images/ade_box_plot_17500_68c408701179e6980f05.png"},"kde_median":0,"obs_viols_hist":{"values":[0,0,0,0,0,0,0,0,0,0,0,0,0,0,0,0,0,0,0,0,0,0,0,0,0,0,0,0,0,0,0,0,8982,0,0,0,0,0,0,0,0,0,0,0,0,0,0,0,0,0,0,0,0,0,0,0,0,0,0,0,0,0,0,0],"bins":[-0.5,-0.484375,-0.46875,-0.453125,-0.4375,-0.421875,-0.40625,-0.390625,-0.375,-0.359375,-0.34375,-0.328125,-0.3125,-0.296875,-0.28125,-0.265625,-0.25,-0.234375,-0.21875,-0.203125,-0.1875,-0.171875,-0.15625,-0.140625,-0.125,-0.109375,-0.09375,-0.078125,-0.0625,-0.046875,-0.03125,-0.015625,0,0.015625,0.03125,0.046875,0.0625,0.078125,0.09375,0.109375,0.125,0.140625,0.15625,0.171875,0.1875,0.203125,0.21875,0.234375,0.25,0.265625,0.28125,0.296875,0.3125,0.328125,0.34375,0.359375,0.375,0.390625,0.40625,0.421875,0.4375,0.453125,0.46875,0.484375,0.5],"_type":"histogram"},"obs_viols_min":0,"col_cross_mean":0,"col_truth_mean":0,"col_joint_mean":0,"kde_min":0,"col_joint_median":0,"fde_median":0.25465596499334553,"nll_std":0.896380603313446,"nll_min":-20.37955665588379,"col_joint_max":0,"train/loss":-10.029651641845703,