{"fde_min":0.0005400069685060365,"ade_median":0.26074903350490525,"nll_std":1.429504156112671,"col_cross_std":0,"col_truth_min":0,"kde_mean":0,"col_cross_hist":{"bins":[-0.5,-0.484375,-0.46875,-0.453125,-0.4375,-0.421875,-0.40625,-0.390625,-0.375,-0.359375,-0.34375,-0.328125,-0.3125,-0.296875,-0.28125,-0.265625,-0.25,-0.234375,-0.21875,-0.203125,-0.1875,-0.171875,-0.15625,-0.140625,-0.125,-0.109375,-0.09375,-0.078125,-0.0625,-0.046875,-0.03125,-0.015625,0,0.015625,0.03125,0.046875,0.0625,0.078125,0.09375,0.109375,0.125,0.140625,0.15625,0.171875,0.1875,0.203125,0.21875,0.234375,0.25,0.265625,0.28125,0.296875,0.3125,0.328125,0.34375,0.359375,0.375,0.390625,0.40625,0.421875,0.4375,0.453125,0.46875,0.484375,0.5],"_type":"histogram","values":[0,0,0,0,0,0,0,0,0,0,0,0,0,0,0,0,0,0,0,0,0,0,0,0,0,0,0,0,0,0,0,0,7227,0,0,0,0,0,0,0,0,0,0,0,0,0,0,0,0,0,0,0,0,0,0,0,0,0,0,0,0,0,0,0]},"col_joint_min":0,"col_truth_mean":0,"train/learning_rate":5.1811248029251674e-05,"col_cross_median":0,"col_joint_max":0,"col_truth_hist":{"_type":"histogram","values":[0,0,0,0,0,0,0,0,0,0,0,0,0,0,0,0,0,0,0,0,0,0,0,0,0,0,0,0,0,0,0,0,7227,0,0,0,0,0,0,0,0,0,0,0,0,0,0,0,0,0,0,0,0,0,0,0,0,0,0,0,0,0,0,0],"bins":[-0.5,-0.484375,-0.46875,-0.453125,-0.4375,-0.421875,-0.40625,-0.390625,-0.375,-0.359375,-0.34375,-0.328125,-0.3125,-0.296875,-0.28125,-0.265625,-0.25,-0.234375,-0.21875,-0.203125,-0.1875,-0.171875,-0.15625,-0.140625,-0.125,-0.109375,-0.09375,-0.078125,-0.0625,-0.046875,-0.03125,-0.015625,0,0.015625,0.03125,0.046875,0.0625,0.078125,0.09375,0.109375,0.125,0.140625,0.15625,0.171875,0.1875,0.203125,0.21875,0.234375,0.25,0.265625,0.28125,0.296875,0.3125,0.328125,0.34375,0.359375,0.375,0.390625,0.40625,0.421875,0.4375,0.453125,0.46875,0.484375,0.5]},"nll_max":-19.66691780090332,"kde_hist":{"_type":"histogram","values":[0,0,0,0,0,0,0,0,0,0,0,0,0,0,0,0,0,0,0,0,0,0,0,0,0,0,0,0,0,0,0,0,7227,0,0,0,0,0,0,0,0,0,0,0,0,0,0,0,0,0,0,0,0,0,0,0,0,0,0,0,0,0,0,0],"bins":[-0.5,-0.484375,-0.46875,-0.453125,-0.4375,-0.421875,-0.40625,-0.390625,-0.375,-0.359375,-0.34375,-0.328125,-0.3125,-0.296875,-0.28125,-0.265625,-0.25,-0.234375,-0.21875,-0.203125,-0.1875,-0.171875,-0.15625,-0.140625,-0.125,-0.109375,-0.09375,-0.078125,-0.0625,-0.046875,-0.03125,-0.015625,0,0.015625,0.03125,0.046875,0.0625,0.078125,0.09375,0.109375,0.125,0.140625,0.15625,0.171875,0.1875,0.203125,0.21875,0.234375,0.25,0.265625,0.28125,0.296875,0.3125,0.328125,0.34375,0.359375,0.375,0.390625,0.40625,0.421875,0.4375,0.453125,0.46875,0.484375,0.5]},"nll_mean":-23.529273986816406,"col_truth_max":0,"_step":29600,"_runtime":5276.157819807,"obs_viols_std":0,"kde_max":0,"train/loss":-18.645090103149414,"col_cross_max":0,"col_joint_hist":{"_type":"histogram","values":[0,0,0,0,0,0,0,0,0,0,0,0,0,0,0,0,0,0,0,0,0,0,0,0,0,0,0,0,0,0,0,0,7227,0,0,0,0,0,0,0,0,0,0,0,0,0,0,0,0,0,0,0,0,0,0,0,0,0,0,0,0,0,0,0],"bins":[-0.5,-0.484375,-0.46875,-0.453125,-0.4375,-0.421875,-0.40625,-0.390625,-0.375,-0.359375,-0.34375,-0.328125,-0.3125,-0.296875,-0.28125,-0.265625,-0.25,-0.234375,-0.21875,-0.203125,-0.1875,-0.171875,-0.15625,-0.140625,-0.125,-0.109375,-0.09375,-0.078125,-0.0625,-0.046875,-0.03125,-0.015625,0,0.015625,0.03125,0.046875,0.0625,0.078125,0.09375,0.109375,0.125,0.140625,0.15625,0.171875,0.1875,0.203125,0.21875,0.234375,0.25,0.265625,0.28125,0.296875,0.3125,0.328125,0.34375,0.359375,0.375,0.390625,0.40625,0.421875,0.4375,0.453125,0.46875,0.484375,0.5]},"_wandb":{"runtime":5276},"col_joint_std":0,"col_joint_mean":0,"Agent/loss":-18.645090103149414,"obs_viols_min":0,"obs_viols_hist":{"_type":"histogram","values":[0,0,0,0,0,0,0,0,0,0,0,0,0,0,0,0,0,0,0,0,0,0,0,0,0,0,0,0,0,0,0,0,7227,0,0,0,0,0,0,0,0,0,0,0,0,0,0,0,0,0,0,0,0,0,0,0,0,0,0,0,0,0,0,0],"bins":[-0.5,-0.484375,-0.46875,-0.453125,-0.4375,-0.421875,-0.40625,-0.390625,-0.375,-0.359375,-0.34375,-0.328125,-0.3125,-0.296875,-0.28125,-0.265625,-0.25,-0.234375,-0.21875,-0.203125,-0.1875,-0.171875,-0.15625,-0.140625,-0.125,-0.109375,-0.09375,-0.078125,-0.0625,-0.046875,-0.03125,-0.015625,0,0.015625,0.03125,0.046875,0.0625,0.078125,0.09375,0.109375,0.125,0.140625,0.15625,0.171875,0.1875,0.203125,0.21875,0.234375,0.25,0.265625,0.28125,0.296875,0.3125,0.328125,0.34375,0.359375,0.375,0.390625,0.40625,0.421875,0.4375,0.453125,0.46875,0.484375,0.5]},"kde_bar_plot":{"width":500,"height":500,"_type":"image-file","sha256":"1490d5e83d0482a097ae48046f0059dac4869ef1dc1413f57f5215d4ab47ae0c","size":8959,"path":"media/images/kde_bar_plot_29600_1490d5e83d0482a097ae.png","format":"png"},"nll_hist":{"_type":"histogram","values":[1,0,0,0,0,0,0,0,0,1,0,0,0,0,0,1,0,0,1,1,0,3,0,0,0,0,1,3,3,0,2,0,3,0,0,0,1,1,1,0,1,0,1,1,0,0,0,1,1,0,0,0,0,0,0,0,0,0,0,0,0,0,0,1],"bins":[-27.007822036743164,-26.89311981201172,-26.778419494628906,-26.66371726989746,-26.549015045166016,-26.434314727783203,-26.319612503051758,-26.204910278320312,-26.0902099609375,-25.975507736206055,-25.86080551147461,-25.746103286743164,-25.63140296936035,-25.516700744628906,-25.40199851989746,-25.28729820251465,-25.172595977783203,-25.057893753051758,-24.943193435668945,-24.8284912109375,-24.713788986206055,-24.599088668823242,-24.484386444091797,-24.36968421936035,-24.254981994628906,-24.140281677246094,-24.02557945251465,-23.910877227783203,-23.79617691040039,-23.681474685668945,-23.5667724609375,-23.452072143554688,-23.337369918823242,-23.222667694091797,-23.107967376708984,-22.99326515197754,-22.878562927246094,-22.76386260986328,-22.649160385131836,-22.53445816040039,-22.419757843017578,-22.305055618286133,-22.190353393554688,-22.075651168823242,-21.96095085144043,-21.846248626708984,-21.73154640197754,-21.616846084594727,-21.50214385986328,-21.387441635131836,-21.272741317749023,-21.158039093017578,-21.043336868286133,-20.92863655090332,-20.813934326171875,-20.69923210144043,-20.584529876708984,-20.469829559326172,-20.355127334594727,-20.24042510986328,-20.12572479248047,-20.011022567749023,-19.896320343017578,-19.781620025634766,-19.66691780090332]},"col_truth_std":0,"ade_max":3.262850550757275,"kde_median":0,"col_cross_mean":0,"nll_min":-27.007822036743164,"ade_min":0.001386527770776843,"ade_std":0.30484153445371487,"fde_median":0.6408372792012871,"col_cross_min":0,"ade_mean":0.32834368022925065,"col_truth_median":0,"obs_viols_mean":0,"obs_viols_median":0,"col_joint_median":0,"ade_box_plot":{"path":"media/images/ade_box_plot_29600_f449e507a39b4a35d676.png","format":"png","width":500,"height":500,"_type":"image-file","sha256":"f449e507a39b4a35d676556ecd8e7a399b2aef33dd9e5fa5b95ed245ac5daabd","size":9962},"kde_std":0,"_timestamp":1.7424568676259239e+09,"fde_hist":{"bins":[0.0005400069685060365,0.13430641653097516,0.2680728260934443,0.40183923565591345,0.5356056452183826,0.6693720547808517,0.8031384643433209,0.93690487390579,1.070671283468259,1.2044376930307281,1.3382041025931972,1.4719705121556663,1.6057369217181356,1.7395033312806047,1.8732697408430738,2.007036150405543,2.1408025599680123,2.2745689695304816,2.4083353790929505,2.54210178865542,2.6758681982178887,2.809634607780358,2.943401017342827,3.077167426905296,3.2109338364677655,3.3447002460302344,3.4784666555927037,3.6122330651551726,3.745999474717642,3.879765884280111,4.013532293842579,4.147298703405049,4.281065112967518,4.414831522529987,4.5485979320924566,4.682364341654925,4.816130751217394,4.949897160779863,5.083663570342333,5.217429979904802,5.351196389467271,5.4849627990297405,5.618729208592209,5.752495618154678,5.886262027717147,6.020028437279617,6.153794846842086,6.287561256404555,6.421327665967024,6.555094075529493,6.688860485091962,6.822626894654431,6.956393304216901,7.09015971377937,7.223926123341839,7.3576925329043075,7.491458942466777,7.625225352029246,7.758991761591715,7.892758171154185,8.026524580716654,8.160290990279124,8.294057399841593,8.427823809404062,8.561590218966531],"_type":"histogram","values":[1261,578,624,675,617,562,503,410,355,306,240,190,177,120,101,78,76,61,57,27,25,31,17,21,12,16,11,10,10,8,5,4,4,4,2,5,4,4,1,1,1,1,0,1,4,0,0,1,0,0,1,0,0,0,1,0,0,0,1,0,1,0,1,1]},