{"_timestamp":1.7421861783219836e+09,"Agent/loss":-5.855877876281738,"Agent/latent/z_logit_clip":2.442530393600464,"Agent/kl_weight":26.114999771118164,"_runtime":284.625385667,"_wandb":{"runtime":284},"Agent/true_kl":0.0791015625,"_step":295,"train/loss":-5.855877876281738,"Agent/log_likelihood":9.79306411743164,"train/learning_rate":0.0009708323524791849,"Agent/latent/temp":0.851306676864624}