{"nll_min":-27.119022369384766,"col_joint_max":0,"_wandb":{"runtime":4189},"col_cross_median":0,"kde_hist":{"bins":[-0.5,-0.484375,-0.46875,-0.453125,-0.4375,-0.421875,-0.40625,-0.390625,-0.375,-0.359375,-0.34375,-0.328125,-0.3125,-0.296875,-0.28125,-0.265625,-0.25,-0.234375,-0.21875,-0.203125,-0.1875,-0.171875,-0.15625,-0.140625,-0.125,-0.109375,-0.09375,-0.078125,-0.0625,-0.046875,-0.03125,-0.015625,0,0.015625,0.03125,0.046875,0.0625,0.078125,0.09375,0.109375,0.125,0.140625,0.15625,0.171875,0.1875,0.203125,0.21875,0.234375,0.25,0.265625,0.28125,0.296875,0.3125,0.328125,0.34375,0.359375,0.375,0.390625,0.40625,0.421875,0.4375,0.453125,0.46875,0.484375,0.5],"_type":"histogram","values":[0,0,0,0,0,0,0,0,0,0,0,0,0,0,0,0,0,0,0,0,0,0,0,0,0,0,0,0,0,0,0,0,7227,0,0,0,0,0,0,0,0,0,0,0,0,0,0,0,0,0,0,0,0,0,0,0,0,0,0,0,0,0,0,0]},"nll_mean":-23.704774856567383,"kde_median":0,"ade_box_plot":{"size":9960,"path":"media/images/ade_box_plot_29600_5e74214e7bdaeda32fee.png","format":"png","width":500,"height":500,"_type":"image-file","sha256":"5e74214e7bdaeda32feea2bea0d8b3d74e0be86f437b3a93c4c192406973d79b"},"obs_viols_min":0,"ade_max":3.472954840188352,"Agent/log_likelihood":26.32893180847168,"col_truth_mean":0,"col_cross_mean":0,"fde_std":0.7849344235816444,"Agent/loss":-18.859724044799805,"kde_mean":0,"col_truth_median":0,"obs_viols_mean":0,"col_cross_hist":{"_type":"histogram","values":[0,0,0,0,0,0,0,0,0,0,0,0,0,0,0,0,0,0,0,0,0,0,0,0,0,0,0,0,0,0,0,0,7227,0,0,0,0,0,0,0,0,0,0,0,0,0,0,0,0,0,0,0,0,0,0,0,0,0,0,0,0,0,0,0],"bins":[-0.5,-0.484375,-0.46875,-0.453125,-0.4375,-0.421875,-0.40625,-0.390625,-0.375,-0.359375,-0.34375,-0.328125,-0.3125,-0.296875,-0.28125,-0.265625,-0.25,-0.234375,-0.21875,-0.203125,-0.1875,-0.171875,-0.15625,-0.140625,-0.125,-0.109375,-0.09375,-0.078125,-0.0625,-0.046875,-0.03125,-0.015625,0,0.015625,0.03125,0.046875,0.0625,0.078125,0.09375,0.109375,0.125,0.140625,0.15625,0.171875,0.1875,0.203125,0.21875,0.234375,0.25,0.265625,0.28125,0.296875,0.3125,0.328125,0.34375,0.359375,0.375,0.390625,0.40625,0.421875,0.4375,0.453125,0.46875,0.484375,0.5]},"col_cross_max":0,"fde_mean":0.8153849354662072,"kde_min":0,"col_truth_max":0,"col_joint_std":0,"fde_box_plot":{"size":10276,"path":"media/images/fde_box_plot_29600_d17b37a94fb2a1e93bd0.png","format":"png","width":500,"height":500,"_type":"image-file","sha256":"d17b37a94fb2a1e93bd02a707775650b38d164f682d291a0dafa278cb7a02925"},"obs_viols_median":0,"col_cross_std":0,"nll_max":-19.899188995361328,"obs_viols_hist":{"_type":"histogram","values":[0,0,0,0,0,0,0,0,0,0,0,0,0,0,0,0,0,0,0,0,0,0,0,0,0,0,0,0,0,0,0,0,7227,0,0,0,0,0,0,0,0,0,0,0,0,0,0,0,0,0,0,0,0,0,0,0,0,0,0,0,0,0,0,0],"bins":[-0.5,-0.484375,-0.46875,-0.453125,-0.4375,-0.421875,-0.40625,-0.390625,-0.375,-0.359375,-0.34375,-0.328125,-0.3125,-0.296875,-0.28125,-0.265625,-0.25,-0.234375,-0.21875,-0.203125,-0.1875,-0.171875,-0.15625,-0.140625,-0.125,-0.109375,-0.09375,-0.078125,-0.0625,-0.046875,-0.03125,-0.015625,0,0.015625,0.03125,0.046875,0.0625,0.078125,0.09375,0.109375,0.125,0.140625,0.15625,0.171875,0.1875,0.203125,0.21875,0.234375,0.25,0.265625,0.28125,0.296875,0.3125,0.328125,0.34375,0.359375,0.375,0.390625,0.40625,0.421875,0.4375,0.453125,0.46875,0.484375,0.5]},"col_truth_hist":{"_type":"histogram","values":[0,0,0,0,0,0,0,0,0,0,0,0,0,0,0,0,0,0,0,0,0,0,0,0,0,0,0,0,0,0,0,0,7227,0,0,0,0,0,0,0,0,0,0,0,0,0,0,0,0,0,0,0,0,0,0,0,0,0,0,0,0,0,0,0],"bins":[-0.5,-0.484375,-0.46875,-0.453125,-0.4375,-0.421875,-0.40625,-0.390625,-0.375,-0.359375,-0.34375,-0.328125,-0.3125,-0.296875,-0.28125,-0.265625,-0.25,-0.234375,-0.21875,-0.203125,-0.1875,-0.171875,-0.15625,-0.140625,-0.125,-0.109375,-0.09375,-0.078125,-0.0625,-0.046875,-0.03125,-0.015625,0,0.015625,0.03125,0.046875,0.0625,0.078125,0.09375,0.109375,0.125,0.140625,0.15625,0.171875,0.1875,0.203125,0.21875,0.234375,0.25,0.265625,0.28125,0.296875,0.3125,0.328125,0.34375,0.359375,0.375,0.390625,0.40625,0.421875,0.4375,0.453125,0.46875,0.484375,0.5]},"col_joint_min":0,"ade_std":0.3036931424164621,"kde_std":0,"nll_hist":{"_type":"histogram","values":[1,0,0,0,0,0,0,0,0,1,0,0,0,0,0,1,0,0,1,2,0,1,1,0,0,2,0,1,2,2,2,2,0,1,0,1,1,0,1,0,2,0,0,0,0,0,0,3,0,0,0,0,0,0,0,0,0,0,0,0,0,0,0,1],"bins":[-27.119022369384766,-27.00621223449707,-26.893402099609375,-26.78059196472168,-26.667781829833984,-26.554973602294922,-26.442163467407227,-26.32935333251953,-26.216543197631836,-26.10373306274414,-25.990922927856445,-25.87811279296875,-25.765304565429688,-25.652494430541992,-25.539684295654297,-25.4268741607666,-25.314064025878906,-25.20125389099121,-25.088443756103516,-24.97563362121582,-24.862823486328125,-24.750015258789062,-24.637205123901367,-24.524394989013672,-24.411584854125977,-24.29877471923828,-24.185964584350586,-24.07315444946289,-23.960346221923828,-23.847536087036133,-23.734725952148438,-23.621915817260742,-23.509105682373047,-23.39629554748535,-23.283485412597656,-23.17067527770996,-23.057865142822266,-22.945056915283203,-22.832246780395508,-22.719436645507812,-22.606626510620117,-22.493816375732422,-22.381006240844727,-22.26819610595703,-22.15538787841797,-22.042577743530273,-21.929767608642578,-21.816957473754883,-21.704147338867188,-21.591337203979492,-21.478527069091797,-21.3657169342041,-21.252906799316406,-21.140098571777344,-21.02728843688965,-20.914478302001953,-20.801668167114258,-20.688858032226562,-20.576047897338867,-20.463237762451172,-20.35042953491211,-20.237619400024414,-20.12480926513672,-20.011999130249023,-19.899188995361328]},"fde_min":0.0028119112333832748,"ade_mean":0.32757380189642443,"fde_max":9.15018243311424,"_timestamp":1.7422166014163525e+09,"col_cross_min":0,"col_truth_std":0,"col_joint_median":0,"_runtime":4189.793268045,"kde_max":0,"ade_min":0.002857044563200788,"kde_bar_plot":{"size":8956,"path":"media/images/kde_bar_plot_29600_f7f89d7653173be55c41.png","format":"png","width":500,"height":500,"_type":"image-file","sha256":"f7f89d7653173be55c41c40f3b988f1b13ff1345b4de39e45f7ba2a70d19f600"},"_step":29600,"obs_viols_std":0,"train/learning_rate":5.1811248029251674e-05,"ade_median":0.2545000730031694,"ade_hist":{"bins":[0.002857044563200788,0.05707732261984377,0.11129760067648677,0.16551787873312976,0.21973815678977274,0.27395843484641574,0.3281787129030587,0.3823989909597017,0.4366192690163447,0.49083954707298766,0.5450598251296307,0.5992801031862737,0.6535003812429167,0.7077206592995596,0.7619409373562026,0.8161612154128456,0.8703814934694886,0.9246017715261315,0.9788220495827745,1.0330423276394176,1.0872626056960606,1.1414828837527036,1.1957031618093465,1.2499234398659895,1.3041437179226325,1.3583639959792755,1.4125842740359185,1.4668045520925614,1.5210248301492044,1.5752451082058474,1.6294653862624904,1.6836856643191334,1.7379059423757763,1.7921262204324193,1.8463464984890623,1.9005667765457053,1.9547870546023483,2.0090073326589915,2.0632276107156344,2.1174478887722774,2.1716681668289204,2.2258884448855634,2.2801087229422063,2.3343290009988493,2.3885492790554923,2.4427695571121353,2.4969898351687783,2.5512101132254212,2.605430391282064,2.659650669338707,2.71387094739535,2.768091225451993,2.822311503508636,2.876531781565279,2.930752059621922,2.984972337678565,3.039192615735208,3.093412893791851,3.147633171848494,3.201853449905137,3.25607372796178,3.310294006018423,3.364514284075066,3.418734562131709,3.472954840188352],"_type":"histogram","values":[1116,641,702,727,634,590,483,410,361,286,242,181,159,129,97,90,63,49,40,48,16,19,29,22,19,12,9,4,4,7,0,1,4,5,1,4,3,5,1,2,1,1,2,0,1,0,2,0,1,1,0,0,0,0,1,1,0,0,0,0,0,0,0,1]},"obs_viols_max":0,"fde_median":0.6234684741883438,"nll_median":-23.768165588378906,"train/loss":-18.859724044799805,"col_truth_min":0,"col_joint_hist":{"values":[0,0,0,0,0,0,0,0,0,0,0,0,0,0,0,0,0,0,0,0,0,0,0,0,0,0,0,0,0,0,0,0,7227,0,0,0,0,0,0,0,0,0,0,0,0,0,0,0,0,0,0,0,0,0,0,0,0,0,0,0,0,0,0,0],