{"_timestamp":1.7424750050330906e+09,"Agent/loss":-9.071385383605957,"train/learning_rate":0.0008019483812359277,"_wandb":{"runtime":612},"train/loss":-10.242868423461914,"_runtime":612.963918006,"_step":2208,"Agent/log_likelihood":19.411510467529297}