{"_step":1093,"_wandb":{"runtime":229},"Agent/log_likelihood":12.08830738067627,"_timestamp":1.742502715972266e+09,"Agent/loss":-1.1168241500854492,"train/learning_rate":0.0008965461938662075,"train/loss":-3.263098955154419,"_runtime":229.323530613}