{"ade_box_plot":{"_type":"image-file","sha256":"b44e0fc9d91b6827c1ecfb0df85a24bfc3e2cdb138679045f9c66c377c869f2a","size":9506,"path":"media/images/ade_box_plot_17500_b44e0fc9d91b6827c1ec.png","format":"png","width":500,"height":500},"_step":17500,"_runtime":2508.494669673,"col_truth_mean":0,"col_joint_std":0,"nll_min":-20.456193923950195,"_timestamp":1.7425381169364223e+09,"col_truth_std":0,"kde_max":0,"fde_min":0.0008621676131927901,"col_truth_max":0,"fde_mean":0.3253120109223999,"nll_hist":{"bins":[-20.456193923950195,-20.389476776123047,-20.3227596282959,-20.25604248046875,-20.1893253326416,-20.122608184814453,-20.055891036987305,-19.989173889160156,-19.922456741333008,-19.85573959350586,-19.78902244567871,-19.722305297851562,-19.655588150024414,-19.588871002197266,-19.522153854370117,-19.45543670654297,-19.38871955871582,-19.322002410888672,-19.255285263061523,-19.188568115234375,-19.121850967407227,-19.055133819580078,-18.98841667175293,-18.92169952392578,-18.854982376098633,-18.788265228271484,-18.721548080444336,-18.654830932617188,-18.58811378479004,-18.52139663696289,-18.454679489135742,-18.387962341308594,-18.321243286132812,-18.254526138305664,-18.187808990478516,-18.121091842651367,-18.05437469482422,-17.98765754699707,-17.920940399169922,-17.854223251342773,-17.787506103515625,-17.720788955688477,-17.654071807861328,-17.58735466003418,-17.52063751220703,-17.453920364379883,-17.387203216552734,-17.320486068725586,-17.253768920898438,-17.18705177307129,-17.12033462524414,-17.053617477416992,-16.986900329589844,-16.920183181762695,-16.853466033935547,-16.7867488861084,-16.72003173828125,-16.6533145904541,-16.586597442626953,-16.519880294799805,-16.453163146972656,-16.386445999145508,-16.31972885131836,-16.25301170349121,-16.186294555664062],"_type":"histogram","values":[1,0,0,0,0,0,0,0,0,0,0,0,0,0,0,0,0,0,1,0,1,0,0,0,0,1,1,0,0,0,0,1,0,3,0,0,0,0,1,1,0,2,1,1,2,2,0,2,4,2,2,0,0,0,2,0,1,0,1,0,2,0,0,1]},"col_cross_hist":{"bins":[-0.5,-0.484375,-0.46875,-0.453125,-0.4375,-0.421875,-0.40625,-0.390625,-0.375,-0.359375,-0.34375,-0.328125,-0.3125,-0.296875,-0.28125,-0.265625,-0.25,-0.234375,-0.21875,-0.203125,-0.1875,-0.171875,-0.15625,-0.140625,-0.125,-0.109375,-0.09375,-0.078125,-0.0625,-0.046875,-0.03125,-0.015625,0,0.015625,0.03125,0.046875,0.0625,0.078125,0.09375,0.109375,0.125,0.140625,0.15625,0.171875,0.1875,0.203125,0.21875,0.234375,0.25,0.265625,0.28125,0.296875,0.3125,0.328125,0.34375,0.359375,0.375,0.390625,0.40625,0.421875,0.4375,0.453125,0.46875,0.484375,0.5],"_type":"histogram","values":[0,0,0,0,0,0,0,0,0,0,0,0,0,0,0,0,0,0,0,0,0,0,0,0,0,0,0,0,0,0,0,0,8982,0,0,0,0,0,0,0,0,0,0,0,0,0,0,0,0,0,0,0,0,0,0,0,0,0,0,0,0,0,0,0]},"col_cross_max":0,"ade_mean":0.12854073931017113,"obs_viols_std":0,"col_joint_median":0,"obs_viols_hist":{"_type":"histogram","values":[0,0,0,0,0,0,0,0,0,0,0,0,0,0,0,0,0,0,0,0,0,0,0,0,0,0,0,0,0,0,0,0,8982,0,0,0,0,0,0,0,0,0,0,0,0,0,0,0,0,0,0,0,0,0,0,0,0,0,0,0,0,0,0,0],"bins":[-0.5,-0.484375,-0.46875,-0.453125,-0.4375,-0.421875,-0.40625,-0.390625,-0.375,-0.359375,-0.34375,-0.328125,-0.3125,-0.296875,-0.28125,-0.265625,-0.25,-0.234375,-0.21875,-0.203125,-0.1875,-0.171875,-0.15625,-0.140625,-0.125,-0.109375,-0.09375,-0.078125,-0.0625,-0.046875,-0.03125,-0.015625,0,0.015625,0.03125,0.046875,0.0625,0.078125,0.09375,0.109375,0.125,0.140625,0.15625,0.171875,0.1875,0.203125,0.21875,0.234375,0.25,0.265625,0.28125,0.296875,0.3125,0.328125,0.34375,0.359375,0.375,0.390625,0.40625,0.421875,0.4375,0.453125,0.46875,0.484375,0.5]},"obs_viols_min":0,"Agent/loss":-10.745319366455078,"col_joint_hist":{"bins":[-0.5,-0.484375,-0.46875,-0.453125,-0.4375,-0.421875,-0.40625,-0.390625,-0.375,-0.359375,-0.34375,-0.328125,-0.3125,-0.296875,-0.28125,-0.265625,-0.25,-0.234375,-0.21875,-0.203125,-0.1875,-0.171875,-0.15625,-0.140625,-0.125,-0.109375,-0.09375,-0.078125,-0.0625,-0.046875,-0.03125,-0.015625,0,0.015625,0.03125,0.046875,0.0625,0.078125,0.09375,0.109375,0.125,0.140625,0.15625,0.171875,0.1875,0.203125,0.21875,0.234375,0.25,0.265625,0.28125,0.296875,0.3125,0.328125,0.34375,0.359375,0.375,0.390625,0.40625,0.421875,0.4375,0.453125,0.46875,0.484375,0.5],"_type":"histogram","values":[0,0,0,0,0,0,0,0,0,0,0,0,0,0,0,0,0,0,0,0,0,0,0,0,0,0,0,0,0,0,0,0,8982,0,0,0,0,0,0,0,0,0,0,0,0,0,0,0,0,0,0,0,0,0,0,0,0,0,0,0,0,0,0,0]},"obs_viols_max":0,"col_truth_hist":{"bins":[-0.5,-0.484375,-0.46875,-0.453125,-0.4375,-0.421875,-0.40625,-0.390625,-0.375,-0.359375,-0.34375,-0.328125,-0.3125,-0.296875,-0.28125,-0.265625,-0.25,-0.234375,-0.21875,-0.203125,-0.1875,-0.171875,-0.15625,-0.140625,-0.125,-0.109375,-0.09375,-0.078125,-0.0625,-0.046875,-0.03125,-0.015625,0,0.015625,0.03125,0.046875,0.0625,0.078125,0.09375,0.109375,0.125,0.140625,0.15625,0.171875,0.1875,0.203125,0.21875,0.234375,0.25,0.265625,0.28125,0.296875,0.3125,0.328125,0.34375,0.359375,0.375,0.390625,0.40625,0.421875,0.4375,0.453125,0.46875,0.484375,0.5],"_type":"histogram","values":[0,0,0,0,0,0,0,0,0,0,0,0,0,0,0,0,0,0,0,0,0,0,0,0,0,0,0,0,0,0,0,0,8982,0,0,0,0,0,0,0,0,0,0,0,0,0,0,0,0,0,0,0,0,0,0,0,0,0,0,0,0,0,0,0]},"kde_hist":{"_type":"histogram","values":[0,0,0,0,0,0,0,0,0,0,0,0,0,0,0,0,0,0,0,0,0,0,0,0,0,0,0,0,0,0,0,0,8982,0,0,0,0,0,0,0,0,0,0,0,0,0,0,0,0,0,0,0,0,0,0,0,0,0,0,0,0,0,0,0],"bins":[-0.5,-0.484375,-0.46875,-0.453125,-0.4375,-0.421875,-0.40625,-0.390625,-0.375,-0.359375,-0.34375,-0.328125,-0.3125,-0.296875,-0.28125,-0.265625,-0.25,-0.234375,-0.21875,-0.203125,-0.1875,-0.171875,-0.15625,-0.140625,-0.125,-0.109375,-0.09375,-0.078125,-0.0625,-0.046875,-0.03125,-0.015625,0,0.015625,0.03125,0.046875,0.0625,0.078125,0.09375,0.109375,0.125,0.140625,0.15625,0.171875,0.1875,0.203125,0.21875,0.234375,0.25,0.265625,0.28125,0.296875,0.3125,0.328125,0.34375,0.359375,0.375,0.390625,0.40625,0.421875,0.4375,0.453125,0.46875,0.484375,0.5]},"fde_std":0.3073221461836569,"kde_bar_plot":{"_type":"image-file","sha256":"81d3877b7858a9122d6034d408ba1c3eb54dfe2637d2f2da67f8948147294533","size":8141,"path":"media/images/kde_bar_plot_17500_81d3877b7858a9122d60.png","format":"png","width":500,"height":500},"ade_min":0.004001249820448872,"obs_viols_mean":0,"nll_median":-17.429027557373047,"obs_viols_median":0,"kde_min":0,"fde_box_plot":{"format":"png","width":500,"height":500,"_type":"image-file","sha256":"45950714afcab5d8f6a32fa6d63d6d211b7c164d5fa72f176d114e14821566ea","size":9887,"path":"media/images/fde_box_plot_17500_45950714afcab5d8f6a3.png"},"ade_max":1.4106863477155756,"ade_std":0.11813733976506832,"Agent/log_likelihood":19.0723819732666,"col_cross_mean":0,"nll_mean":-17.58720588684082,"col_truth_min":0,"train/learning_rate":0.00017375873788196854,"train/loss":-10.745319366455078,"nll_max":-16.186294555664062,"kde_median":0,"col_truth_median":0,"col_joint_max":0,"col_cross_std":0,"kde_mean":0,