{"Agent/log_likelihood":17.045352935791016,"_timestamp":1.7424355061762128e+09,"Agent/loss":-7.475275993347168,"train/learning_rate":0.0008849659490117527,"train/loss":-7.475275993347168,"_runtime":244.513241344,"_step":1222,"_wandb":{"runtime":244}}