{"Agent/latent/z_logit_clip":0.41409310698509216,"Agent/kl":0.07000000029802322,"Agent/latent/temp":1.3000191450119019,"train/learning_rate":0.0009853082525175486,"_timestamp":1.741933960359876e+09,"Agent/mutual_information_q":0.04978585243225098,"Agent/mutual_information_p":0.030141353607177734,"Agent/true_kl":0.06706441938877106,"_step":147,"Agent/kl_weight":7.446794033050537,"Agent/loss":-1.7261414527893066,"Agent/log_likelihood":4.970513343811035,"_runtime":131.903932816,"_wandb":{"runtime":131},"train/loss":-1.7261414527893066}