{"_timestamp":1.7424883385146317e+09,"Agent/loss":-7.6500244140625,"train/learning_rate":0.0007204952969154651,"train/loss":-7.6500244140625,"_runtime":1585.820785623,"_step":3278,"Agent/log_likelihood":18.912830352783203,"_wandb":{"runtime":1585}}