{"col_truth_min":0,"col_truth_hist":{"bins":[-0.5,-0.484375,-0.46875,-0.453125,-0.4375,-0.421875,-0.40625,-0.390625,-0.375,-0.359375,-0.34375,-0.328125,-0.3125,-0.296875,-0.28125,-0.265625,-0.25,-0.234375,-0.21875,-0.203125,-0.1875,-0.171875,-0.15625,-0.140625,-0.125,-0.109375,-0.09375,-0.078125,-0.0625,-0.046875,-0.03125,-0.015625,0,0.015625,0.03125,0.046875,0.0625,0.078125,0.09375,0.109375,0.125,0.140625,0.15625,0.171875,0.1875,0.203125,0.21875,0.234375,0.25,0.265625,0.28125,0.296875,0.3125,0.328125,0.34375,0.359375,0.375,0.390625,0.40625,0.421875,0.4375,0.453125,0.46875,0.484375,0.5],"_type":"histogram","values":[0,0,0,0,0,0,0,0,0,0,0,0,0,0,0,0,0,0,0,0,0,0,0,0,0,0,0,0,0,0,0,0,7227,0,0,0,0,0,0,0,0,0,0,0,0,0,0,0,0,0,0,0,0,0,0,0,0,0,0,0,0,0,0,0]},"col_truth_mean":0,"col_cross_median":0,"obs_viols_median":0,"obs_viols_min":0,"_runtime":5353.400575085,"col_truth_median":0,"col_cross_mean":0,"nll_max":-19.53026008605957,"ade_std":0.30414277538536966,"train/loss":-18.307828903198242,"fde_hist":{"values":[1360,677,754,701,611,492,487,368,353,300,211,166,133,105,90,74,81,44,40,31,28,16,16,7,8,12,11,7,5,5,6,4,5,2,2,2,1,0,1,0,1,1,1,2,2,0,0,0,0,1,0,0,0,0,0,0,1,0,0,0,0,1,0,1],"bins":[0.001030273166384793,0.14707206421749833,0.2931138552686119,0.43915564631972537,0.585197437370839,0.7312392284219525,0.877281019473066,1.0233228105241794,1.169364601575293,1.3154063926264066,1.4614481836775202,1.6074899747286335,1.7535317657797471,1.8995735568308607,2.045615347881974,2.191657138933088,2.3376989299842013,2.4837407210353146,2.6297825120864284,2.775824303137542,2.9218660941886556,3.067907885239769,3.2139496762908824,3.359991467341996,3.5060332583931095,3.652075049444223,3.7981168404953367,3.94415863154645,4.0902004225975634,4.236242213648677,4.382284004699791,4.528325795750904,4.674367586802018,4.820409377853132,4.9664511689042445,5.112492959955358,5.258534751006472,5.404576542057585,5.550618333108699,5.696660124159813,5.8427019152109265,5.9887437062620394,6.134785497313153,6.280827288364267,6.42686907941538,6.572910870466494,6.718952661517608,6.8649944525687205,7.011036243619834,7.157078034670948,7.303119825722061,7.449161616773175,7.595203407824289,7.741245198875402,7.8872869899265154,8.03332878097763,8.179370572028743,8.325412363079858,8.47145415413097,8.617495945182084,8.763537736233198,8.909579527284311,9.055621318335424,9.201663109386539,9.347704900437652],"_type":"histogram"},"nll_std":1.5021991729736328,"fde_median":0.6129827030882892,"obs_viols_std":0,"ade_median":0.24875584279609061,"train/learning_rate":5.1811248029251674e-05,"kde_max":0,"nll_mean":-23.420574188232422,"nll_min":-27.22258758544922,"ade_max":3.5868325939344317,"col_truth_std":0,"col_truth_max":0,"Agent/loss":-18.307828903198242,"kde_bar_plot":{"format":"png","width":500,"height":500,"_type":"image-file","sha256":"5adeadb4f288aa68426dca1d2652261103de3efb50652f568f7cfb699fcc6935","size":8952,"path":"media/images/kde_bar_plot_29600_5adeadb4f288aa68426d.png"},"col_joint_mean":0,"obs_viols_mean":0,"col_joint_max":0,"col_joint_median":0,"col_cross_std":0,"nll_median":-23.508296966552734,"Agent/log_likelihood":26.878202438354492,"col_cross_max":0,"fde_min":0.001030273166384793,"fde_box_plot":{"sha256":"f664134126d46899645e519fc424f870c38225322c5fc42c8c672b072a1aa131","size":9802,"path":"media/images/fde_box_plot_29600_f664134126d46899645e.png","format":"png","width":500,"height":500,"_type":"image-file"},"nll_hist":{"bins":[-27.22258758544922,-27.102394104003906,-26.982202529907227,-26.862009048461914,-26.741817474365234,-26.621623992919922,-26.501432418823242,-26.38123893737793,-26.26104736328125,-26.140853881835938,-26.020662307739258,-25.900468826293945,-25.780275344848633,-25.660083770751953,-25.53989028930664,-25.41969871520996,-25.29950523376465,-25.17931365966797,-25.059120178222656,-24.938928604125977,-24.818735122680664,-24.698543548583984,-24.578350067138672,-24.45815658569336,-24.33796501159668,-24.217771530151367,-24.097579956054688,-23.977386474609375,-23.857194900512695,-23.737001419067383,-23.616809844970703,-23.49661636352539,-23.376422882080078,-23.2562313079834,-23.136037826538086,-23.015846252441406,-22.895652770996094,-22.775461196899414,-22.6552677154541,-22.535076141357422,-22.41488265991211,-22.29469108581543,-22.174497604370117,-22.054304122924805,-21.934112548828125,-21.813919067382812,-21.693727493286133,-21.57353401184082,-21.45334243774414,-21.333148956298828,-21.21295738220215,-21.092763900756836,-20.972572326660156,-20.852378845214844,-20.73218536376953,-20.61199378967285,-20.49180030822754,-20.37160873413086,-20.251415252685547,-20.131223678588867,-20.011030197143555,-19.890838623046875,-19.770645141601562,-19.650453567504883,-19.53026008605957],"_type":"histogram","values":[1,0,0,0,0,0,0,0,0,0,0,1,0,0,0,0,1,0,0,1,1,0,1,1,1,0,1,0,2,1,3,2,2,2,0,0,0,1,0,0,0,1,1,1,0,0,0,0,2,0,0,1,0,0,0,0,0,0,0,0,0,0,0,1]},"fde_std":0.7892601884067311,"col_cross_min":0,"kde_mean":0,"ade_min":0.0014261232457149177,"ade_hist":{"_type":"histogram","values":[1240,591,761,746,592,576,500,399,353,283,238,176,144,110,101,80,58,62,41,19,15,24,22,16,8,13,8,6,1,4,5,5,1,4,1,5,3,3,4,0,1,0,0,1,1,0,1,1,2,0,0,0,0,0,0,0,1,0,0,0,0,0,0,1],"bins":[0.0014261232457149177,0.057448099350226114,0.11347007545473732,0.1694920515592485,0.22551402766375972,0.28153600376827087,0.3375579798727821,0.3935799559772933,0.4496019320818045,0.5056239081863156,0.5616458842908268,0.617667860395338,0.6736898364998493,0.7297118126043605,0.7857337887088717,0.8417557648133829,0.8977777409178941,0.9537997170224053,1.0098216931269164,1.0658436692314277,1.1218656453359388,1.1778876214404501,1.2339095975449612,1.2899315736494725,1.3459535497539836,1.401975525858495,1.457997501963006,1.5140194780675174,1.5700414541720285,1.6260634302765398,1.6820854063810509,1.7381073824855622,1.7941293585900733,1.8501513346945844,1.9061733107990957,1.9621952869036068,2.018217263008118,2.074239239112629,2.1302612152171405,2.186283191321652,2.2423051674261627,2.298327143530674,2.3543491196351853,2.4103710957396967,2.4663930718442075,2.522415047948719,2.57843702405323,2.6344590001577415,2.6904809762622524,2.7465029523667637,2.802524928471275,2.858546904575786,2.914568880680297,2.9705908567848085,3.02661283288932,3.0826348089938307,3.138656785098342,3.1946787612028533,3.2507007373073646,3.3067227134118755,3.362744689516387,3.418766665620898,3.4747886417254095,3.5308106178299203,3.5868325939344317]},"col_joint_min":0,"col_cross_hist":{"bins":[-0.5,-0.484375,-0.46875,-0.453125,-0.4375,-0.421875,-0.40625,-0.390625,-0.375,-0.359375,-0.34375,-0.328125,-0.3125,-0.296875,-0.28125,-0.265625,-0.25,-0.234375,-0.21875,-0.203125,-0.1875,-0.171875,-0.15625,-0.140625,-0.125,-0.109375,-0.09375,-0.078125,-0.0625,-0.046875,-0.03125,-0.015625,0,0.015625,0.03125,0.046875,0.0625,0.078125,0.09375,0.109375,0.125,0.140625,0.15625,0.171875,0.1875,0.203125,0.21875,0.234375,0.25,0.265625,0.28125,0.296875,0.3125,0.328125,0.34375,0.359375,0.375,0.390625,0.40625,0.421875,0.4375,0.453125,0.46875,0.484375,0.5],"_type":"histogram","values":[0,0,0,0,0,0,0,0,0,0,0,0,0,0,0,0,0,0,0,0,0,0,0,0,0,0,0,0,0,0,0,0,7227,0,0,0,0,0,0,0,0,0,0,0,0,0,0,0,0,0,0,0,0,0,0,0,0,0,0,0,0,0,0,0]},"kde_std":0,"_wandb":{"runtime":5353},"col_joint_hist":{"bins":[-0.5,-0.484375,-0.46875,-0.453125,-0.4375,-0.421875,-0.40625,-0.390625,-0.375,-0.359375,-0.34375,-0.328125,-0.3125,-0.296875,-0.28125,-0.265625,-0.25,-0.234375,-0.21875,-0.203125,-0.1875,-0.171875,-0.15625,-0.140625,-0.125,-0.109375,-0.09375,-0.078125,-0.0625,-0.046875,-0.03125,-0.015625,0,0.015625,0.03125,0.046875,0.0625,0.078125,0.09375,0.109375,0.125,0.140625,0.15625,0.171875,0.1875,0.203125,0.21875,0.234375,0.25,0.265625,0.28125,0.296875,0.3125,0.328125,0.34375,0.359375,0.375,0.390625,0.40625,0.421875,0.4375,0.453125,0.46875,0.484375,0.5],"_type":"histogram","values":[0,0,0,0,0,0,0,0,0,0,0,0,0,0,0,0,0,0,0,0,0,0,0,0,0,0,0,0,0,0,0,0,7227,0,0,0,0,0,0,0,0,0,0,0,0,0,0,0,0,0,0,0,0,0,0,0,0,0,0,0,0,0,0,0]},"col_joint_std":0,"kde_min":0,