{"_step":17500,"_wandb":{"runtime":3201},"Agent/log_likelihood":18.873937606811523,"_timestamp":1.7425462705115824e+09,"Agent/loss":-10.029651641845703,"train/learning_rate":0.00017375873788196854,"train/loss":-10.029651641845703,"_runtime":3201.327538901}