{"Agent/kl":0.0791015625,"Agent/loss":-5.855877876281738,"_step":295,"_timestamp":1.7421848542436287e+09,"train/loss":-5.855877876281738,"Agent/log_likelihood":9.79306411743164,"Agent/kl_weight":26.114999771118164,"Agent/latent/temp":0.851306676864624,"train/learning_rate":0.0009708323524791849,"Agent/mutual_information_p":0.06104159355163574,"_wandb":{"runtime":282},"Agent/latent/z_logit_clip":2.442530393600464,"Agent/true_kl":0.0791015625,"_runtime":282.164481704,"Agent/mutual_information_q":0.14005422592163086}