{"obs_viols_max":0,"train/loss":-10.71398639678955,"obs_viols_median":0,"nll_std":0.8550882935523987,"ade_max":1.3633073388306942,"col_truth_min":0,"col_truth_median":0,"ade_median":0.10207039678278587,"col_truth_max":0,"_wandb":{"runtime":2454},"col_cross_median":0,"nll_max":-15.954715728759766,"col_truth_hist":{"bins":[-0.5,-0.484375,-0.46875,-0.453125,-0.4375,-0.421875,-0.40625,-0.390625,-0.375,-0.359375,-0.34375,-0.328125,-0.3125,-0.296875,-0.28125,-0.265625,-0.25,-0.234375,-0.21875,-0.203125,-0.1875,-0.171875,-0.15625,-0.140625,-0.125,-0.109375,-0.09375,-0.078125,-0.0625,-0.046875,-0.03125,-0.015625,0,0.015625,0.03125,0.046875,0.0625,0.078125,0.09375,0.109375,0.125,0.140625,0.15625,0.171875,0.1875,0.203125,0.21875,0.234375,0.25,0.265625,0.28125,0.296875,0.3125,0.328125,0.34375,0.359375,0.375,0.390625,0.40625,0.421875,0.4375,0.453125,0.46875,0.484375,0.5],"_type":"histogram","values":[0,0,0,0,0,0,0,0,0,0,0,0,0,0,0,0,0,0,0,0,0,0,0,0,0,0,0,0,0,0,0,0,8982,0,0,0,0,0,0,0,0,0,0,0,0,0,0,0,0,0,0,0,0,0,0,0,0,0,0,0,0,0,0,0]},"kde_bar_plot":{"format":"png","width":500,"height":500,"_type":"image-file","sha256":"258a90cf0189e894dba95728e3890d6da5e76592d8229e51afaf4d0a35c9480f","size":8146,"path":"media/images/kde_bar_plot_17500_258a90cf0189e894dba9.png"},"nll_min":-20.287437438964844,"col_joint_std":0,"col_joint_max":0,"fde_max":3.5713583810958673,"ade_mean":0.12844724609906544,"obs_viols_min":0,"obs_viols_mean":0,"fde_box_plot":{"path":"media/images/fde_box_plot_17500_4432711c3123f91516c7.png","format":"png","width":500,"height":500,"_type":"image-file","sha256":"4432711c3123f91516c7eca911989c9339366a772e04985b32c580bd59d66b5b","size":9895},"_runtime":2454.312730294,"col_cross_std":0,"kde_hist":{"bins":[-0.5,-0.484375,-0.46875,-0.453125,-0.4375,-0.421875,-0.40625,-0.390625,-0.375,-0.359375,-0.34375,-0.328125,-0.3125,-0.296875,-0.28125,-0.265625,-0.25,-0.234375,-0.21875,-0.203125,-0.1875,-0.171875,-0.15625,-0.140625,-0.125,-0.109375,-0.09375,-0.078125,-0.0625,-0.046875,-0.03125,-0.015625,0,0.015625,0.03125,0.046875,0.0625,0.078125,0.09375,0.109375,0.125,0.140625,0.15625,0.171875,0.1875,0.203125,0.21875,0.234375,0.25,0.265625,0.28125,0.296875,0.3125,0.328125,0.34375,0.359375,0.375,0.390625,0.40625,0.421875,0.4375,0.453125,0.46875,0.484375,0.5],"_type":"histogram","values":[0,0,0,0,0,0,0,0,0,0,0,0,0,0,0,0,0,0,0,0,0,0,0,0,0,0,0,0,0,0,0,0,8982,0,0,0,0,0,0,0,0,0,0,0,0,0,0,0,0,0,0,0,0,0,0,0,0,0,0,0,0,0,0,0]},"nll_hist":{"_type":"histogram","values":[1,0,0,0,0,0,0,0,0,0,0,0,0,0,0,0,0,0,1,1,0,0,0,0,1,0,1,0,0,2,0,1,0,0,1,0,0,1,2,1,1,1,2,2,2,1,4,3,0,0,0,1,1,0,0,1,0,2,1,0,0,0,0,1],"bins":[-20.287437438964844,-20.219738006591797,-20.152040481567383,-20.084341049194336,-20.01664161682129,-19.948944091796875,-19.881244659423828,-19.81354522705078,-19.745847702026367,-19.67814826965332,-19.610448837280273,-19.54275131225586,-19.475051879882812,-19.407352447509766,-19.33965492248535,-19.271955490112305,-19.20425796508789,-19.136558532714844,-19.068859100341797,-19.001161575317383,-18.933462142944336,-18.86576271057129,-18.798065185546875,-18.730365753173828,-18.66266632080078,-18.594968795776367,-18.52726936340332,-18.459569931030273,-18.39187240600586,-18.324172973632812,-18.256473541259766,-18.18877601623535,-18.121076583862305,-18.053377151489258,-17.985679626464844,-17.917980194091797,-17.85028076171875,-17.782583236694336,-17.71488380432129,-17.647184371948242,-17.579486846923828,-17.51178741455078,-17.444087982177734,-17.37639045715332,-17.308691024780273,-17.240991592407227,-17.173294067382812,-17.105594635009766,-17.03789520263672,-16.970197677612305,-16.902498245239258,-16.834800720214844,-16.767101287841797,-16.69940185546875,-16.631704330444336,-16.56400489807129,-16.496305465698242,-16.428607940673828,-16.36090850830078,-16.293209075927734,-16.22551155090332,-16.157812118530273,-16.090112686157227,-16.022415161132812,-15.954715728759766]},"_timestamp":1.7425086415135145e+09,"fde_hist":{"_type":"histogram","values":[1655,723,811,901,808,671,646,538,425,301,273,233,168,138,130,111,90,68,56,30,27,22,27,17,15,14,10,4,8,4,14,7,4,1,2,5,1,3,3,5,2,0,0,1,1,1,0,2,0,1,0,0,1,0,1,0,0,0,0,0,0,1,0,2],"bins":[0.0005159715113748041,0.0563103841611325,0.1121047968108902,0.16789920946064787,0.22369362211040558,0.27948803476016326,0.3352824474099209,0.3910768600596786,0.44687127270943633,0.5026656853591941,0.5584600980089518,0.6142545106587095,0.6700489233084671,0.7258433359582248,0.7816377486079825,0.8374321612577402,0.8932265739074979,0.9490209865572556,1.0048153992070132,1.0606098118567708,1.1164042245065287,1.1721986371562862,1.227993049806044,1.2837874624558017,1.3395818751055593,1.395376287755317,1.4511707004050747,1.5069651130548325,1.56275952570459,1.618553938354348,1.6743483510041055,1.7301427636538633,1.785937176303621,1.8417315889533785,1.8975260016031363,1.953320414252894,2.009114826902652,2.0649092395524096,2.120703652202167,2.176498064851925,2.232292477501683,2.2880868901514404,2.343881302801198,2.3996757154509556,2.4554701281007136,2.5112645407504712,2.567058953400229,2.6228533660499864,2.678647778699744,2.734442191349502,2.7902366039992597,2.8460310166490173,2.901825429298775,2.957619841948533,3.0134142545982905,3.069208667248048,3.1250030798978057,3.1807974925475633,3.2365919051973213,3.292386317847079,3.3481807304968365,3.403975143146594,3.459769555796352,3.5155639684461097,3.5713583810958673]},"kde_min":0,"ade_box_plot":{"height":500,"_type":"image-file","sha256":"27227c81ea2ee33409915c5aaf9df51ee6deb696dd8ae255070edcf5c148f92c","size":9491,"path":"media/images/ade_box_plot_17500_27227c81ea2ee3340991.png","format":"png","width":500},"fde_min":0.0005159715113748041,"fde_mean":0.32190161551648705,"train/learning_rate":0.00017375873788196854,"col_cross_hist":{"_type":"histogram","values":[0,0,0,0,0,0,0,0,0,0,0,0,0,0,0,0,0,0,0,0,0,0,0,0,0,0,0,0,0,0,0,0,8982,0,0,0,0,0,0,0,0,0,0,0,0,0,0,0,0,0,0,0,0,0,0,0,0,0,0,0,0,0,0,0],"bins":[-0.5,-0.484375,-0.46875,-0.453125,-0.4375,-0.421875,-0.40625,-0.390625,-0.375,-0.359375,-0.34375,-0.328125,-0.3125,-0.296875,-0.28125,-0.265625,-0.25,-0.234375,-0.21875,-0.203125,-0.1875,-0.171875,-0.15625,-0.140625,-0.125,-0.109375,-0.09375,-0.078125,-0.0625,-0.046875,-0.03125,-0.015625,0,0.015625,0.03125,0.046875,0.0625,0.078125,0.09375,0.109375,0.125,0.140625,0.15625,0.171875,0.1875,0.203125,0.21875,0.234375,0.25,0.265625,0.28125,0.296875,0.3125,0.328125,0.34375,0.359375,0.375,0.390625,0.40625,0.421875,0.4375,0.453125,0.46875,0.484375,0.5]},"obs_viols_std":0,"col_joint_mean":0,"ade_min":0.001154984446520919,"kde_median":0,"col_cross_max":0,"col_truth_std":0,"Agent/log_likelihood":18.477188110351562,"kde_max":0,"col_joint_median":0,"col_cross_mean":0,"col_joint_hist":{"_type":"histogram","values":[0,0,0,0,0,0,0,0,0,0,0,0,0,0,0,0,0,0,0,0,0,0,0,0,0,0,0,0,0,0,0,0,8982,0,0,0,0,0,0,0,0,0,0,0,0,0,0,0,0,0,0,0,0,0,0,0,0,0,0,0,0,0,0,0],"bins":[-0.5,-0.484375,-0.46875,-0.453125,-0.4375,-0.421875,-0.40625,-0.390625,-0.375,-0.359375,-0.34375,-0.328125,-0.3125,-0.296875,-0.28125,-0.265625,-0.25,-0.234375,-0.21875,-0.203125,-0.1875,-0.171875,-0.15625,-0.140625,-0.125,-0.109375,-0.09375,-0.078125,-0.0625,-0.046875,-0.03125,-0.015625,0,0.015625,0.03125,0.046875,0.0625,0.078125,0.09375,0.109375,0.125,0.140625,0.15625,0.171875,0.1875,0.203125,0.21875,0.234375,0.25,0.265625,0.28125,0.296875,0.3125,0.328125,0.34375,0.359375,0.375,0.390625,0.40625,0.421875,0.4375,0.453125,0.46875,0.484375,0.5]},"col_truth_mean":0,"Agent/loss":-10.71398639678955,"fde_median":0.2507073353666537,"kde_mean":0,"nll_median":-17.317907333374023,"obs_viols_hist":{"_type":"histogram","values":[0,0,0,0,0,0,0,0,0,0,0,0,0,0,0,0,0,0,0,0,0,0,0,0,0,0,0,0,0,0,0,0,8982,0,0,0,0,0,0,0,0,0,0,0,0,0,0,0,0,0,0,0,0,0,0,0,0,0,0,0,0,0,0,0],