{"nll_max":-20.742935180664062,"fde_mean":0.8126810023519384,"col_truth_max":0,"fde_std":0.7997321019275867,"col_truth_hist":{"_type":"histogram","values":[0,0,0,0,0,0,0,0,0,0,0,0,0,0,0,0,0,0,0,0,0,0,0,0,0,0,0,0,0,0,0,0,7227,0,0,0,0,0,0,0,0,0,0,0,0,0,0,0,0,0,0,0,0,0,0,0,0,0,0,0,0,0,0,0],"bins":[-0.5,-0.484375,-0.46875,-0.453125,-0.4375,-0.421875,-0.40625,-0.390625,-0.375,-0.359375,-0.34375,-0.328125,-0.3125,-0.296875,-0.28125,-0.265625,-0.25,-0.234375,-0.21875,-0.203125,-0.1875,-0.171875,-0.15625,-0.140625,-0.125,-0.109375,-0.09375,-0.078125,-0.0625,-0.046875,-0.03125,-0.015625,0,0.015625,0.03125,0.046875,0.0625,0.078125,0.09375,0.109375,0.125,0.140625,0.15625,0.171875,0.1875,0.203125,0.21875,0.234375,0.25,0.265625,0.28125,0.296875,0.3125,0.328125,0.34375,0.359375,0.375,0.390625,0.40625,0.421875,0.4375,0.453125,0.46875,0.484375,0.5]},"col_truth_std":0,"col_cross_mean":0,"obs_viols_min":0,"kde_bar_plot":{"format":"png","width":500,"height":500,"_type":"image-file","sha256":"59d89297c1e0a24187dfb1d1a80ab7dc20f61d8d33abb6cb646ad9f76ea7938c","size":8952,"path":"media/images/kde_bar_plot_29600_59d89297c1e0a24187df.png"},"kde_std":0,"col_joint_median":0,"ade_mean":0.3241222979050345,"kde_mean":0,"col_joint_min":0,"kde_max":0,"fde_box_plot":{"_type":"image-file","sha256":"4903eddb1bb7e68baf9092159d8b779903288e6f874a6131bb6b196ca7ebf18f","size":9840,"path":"media/images/fde_box_plot_29600_4903eddb1bb7e68baf90.png","format":"png","width":500,"height":500},"col_cross_min":0,"col_joint_max":0,"nll_median":-23.499004364013672,"kde_hist":{"bins":[-0.5,-0.484375,-0.46875,-0.453125,-0.4375,-0.421875,-0.40625,-0.390625,-0.375,-0.359375,-0.34375,-0.328125,-0.3125,-0.296875,-0.28125,-0.265625,-0.25,-0.234375,-0.21875,-0.203125,-0.1875,-0.171875,-0.15625,-0.140625,-0.125,-0.109375,-0.09375,-0.078125,-0.0625,-0.046875,-0.03125,-0.015625,0,0.015625,0.03125,0.046875,0.0625,0.078125,0.09375,0.109375,0.125,0.140625,0.15625,0.171875,0.1875,0.203125,0.21875,0.234375,0.25,0.265625,0.28125,0.296875,0.3125,0.328125,0.34375,0.359375,0.375,0.390625,0.40625,0.421875,0.4375,0.453125,0.46875,0.484375,0.5],"_type":"histogram","values":[0,0,0,0,0,0,0,0,0,0,0,0,0,0,0,0,0,0,0,0,0,0,0,0,0,0,0,0,0,0,0,0,7227,0,0,0,0,0,0,0,0,0,0,0,0,0,0,0,0,0,0,0,0,0,0,0,0,0,0,0,0,0,0,0]},"Agent/loss":-18.531089782714844,"ade_min":0.0012947897631941812,"ade_box_plot":{"sha256":"82f35d163bd4443589a0d13de0b92b9a09687d83fa1328246dc145053b2c7d4b","size":9982,"path":"media/images/ade_box_plot_29600_82f35d163bd4443589a0.png","format":"png","width":500,"height":500,"_type":"image-file"},"col_cross_hist":{"values":[0,0,0,0,0,0,0,0,0,0,0,0,0,0,0,0,0,0,0,0,0,0,0,0,0,0,0,0,0,0,0,0,7227,0,0,0,0,0,0,0,0,0,0,0,0,0,0,0,0,0,0,0,0,0,0,0,0,0,0,0,0,0,0,0],"bins":[-0.5,-0.484375,-0.46875,-0.453125,-0.4375,-0.421875,-0.40625,-0.390625,-0.375,-0.359375,-0.34375,-0.328125,-0.3125,-0.296875,-0.28125,-0.265625,-0.25,-0.234375,-0.21875,-0.203125,-0.1875,-0.171875,-0.15625,-0.140625,-0.125,-0.109375,-0.09375,-0.078125,-0.0625,-0.046875,-0.03125,-0.015625,0,0.015625,0.03125,0.046875,0.0625,0.078125,0.09375,0.109375,0.125,0.140625,0.15625,0.171875,0.1875,0.203125,0.21875,0.234375,0.25,0.265625,0.28125,0.296875,0.3125,0.328125,0.34375,0.359375,0.375,0.390625,0.40625,0.421875,0.4375,0.453125,0.46875,0.484375,0.5],"_type":"histogram"},"ade_max":3.6015743098915656,"col_cross_max":0,"obs_viols_mean":0,"nll_mean":-23.49476432800293,"nll_hist":{"values":[1,0,0,1,0,0,1,0,0,0,0,0,0,0,0,1,1,1,0,1,0,0,1,1,0,1,0,1,1,0,0,0,0,0,3,0,2,2,0,1,0,0,1,0,0,0,0,0,0,0,0,0,0,0,1,1,1,1,0,2,0,0,0,2],"bins":[-26.799137115478516,-26.704509735107422,-26.609880447387695,-26.5152530670166,-26.420623779296875,-26.32599639892578,-26.231369018554688,-26.13673973083496,-26.042112350463867,-25.94748306274414,-25.852855682373047,-25.758228302001953,-25.663599014282227,-25.568971633911133,-25.474342346191406,-25.379714965820312,-25.28508758544922,-25.190458297729492,-25.0958309173584,-25.001201629638672,-24.906574249267578,-24.81194496154785,-24.717317581176758,-24.622690200805664,-24.528060913085938,-24.433433532714844,-24.338804244995117,-24.244176864624023,-24.14954948425293,-24.054920196533203,-23.96029281616211,-23.865663528442383,-23.77103614807129,-23.676408767700195,-23.58177947998047,-23.487152099609375,-23.39252281188965,-23.297895431518555,-23.20326805114746,-23.108638763427734,-23.01401138305664,-22.919382095336914,-22.82475471496582,-22.730127334594727,-22.635498046875,-22.540870666503906,-22.44624137878418,-22.351613998413086,-22.25698471069336,-22.162357330322266,-22.067729949951172,-21.973100662231445,-21.87847328186035,-21.783843994140625,-21.68921661376953,-21.594589233398438,-21.49995994567871,-21.405332565307617,-21.31070327758789,-21.216075897216797,-21.121448516845703,-21.026819229125977,-20.932191848754883,-20.837562561035156,-20.742935180664062],"_type":"histogram"},"obs_viols_std":0,"col_cross_median":0,"col_joint_hist":{"bins":[-0.5,-0.484375,-0.46875,-0.453125,-0.4375,-0.421875,-0.40625,-0.390625,-0.375,-0.359375,-0.34375,-0.328125,-0.3125,-0.296875,-0.28125,-0.265625,-0.25,-0.234375,-0.21875,-0.203125,-0.1875,-0.171875,-0.15625,-0.140625,-0.125,-0.109375,-0.09375,-0.078125,-0.0625,-0.046875,-0.03125,-0.015625,0,0.015625,0.03125,0.046875,0.0625,0.078125,0.09375,0.109375,0.125,0.140625,0.15625,0.171875,0.1875,0.203125,0.21875,0.234375,0.25,0.265625,0.28125,0.296875,0.3125,0.328125,0.34375,0.359375,0.375,0.390625,0.40625,0.421875,0.4375,0.453125,0.46875,0.484375,0.5],"_type":"histogram","values":[0,0,0,0,0,0,0,0,0,0,0,0,0,0,0,0,0,0,0,0,0,0,0,0,0,0,0,0,0,0,0,0,7227,0,0,0,0,0,0,0,0,0,0,0,0,0,0,0,0,0,0,0,0,0,0,0,0,0,0,0,0,0,0,0]},"_wandb":{"runtime":7985},"train/loss":-18.531089782714844,"fde_median":0.6117282579530747,"fde_max":9.530921952419352,"ade_hist":{"_type":"histogram","values":[1232,578,788,737,622,583,486,410,356,251,232,178,143,115,106,75,53,50,41,22,23,21,24,14,10,13,5,9,5,5,2,6,4,3,3,3,3,2,2,2,0,2,0,1,0,1,0,1,2,0,0,0,0,0,0,0,1,0,0,0,1,0,0,1],"bins":[0.0012947897631941812,0.057549157265199984,0.11380352476720579,0.1700578922692116,0.2263122597712174,0.28256662727322324,0.33882099477522903,0.39507536227723483,0.45132972977924063,0.5075840972812464,0.5638384647832523,0.620092832285258,0.6763471997872639,0.7326015672892696,0.7888559347912755,0.8451103022932812,0.9013646697952871,0.9576190372972929,1.0138734047992985,1.0701277723013043,1.1263821398033103,1.182636507305316,1.2388908748073217,1.2951452423093275,1.3513996098113334,1.4076539773133392,1.463908344815345,1.520162712317351,1.5764170798193566,1.6326714473213624,1.6889258148233681,1.745180182325374,1.8014345498273798,1.8576889173293856,1.9139432848313915,1.9701976523333973,2.026452019835403,2.0827063873374088,2.1389607548394145,2.1952151223414202,2.2514694898434264,2.307723857345432,2.363978224847438,2.4202325923494437,2.4764869598514494,2.532741327353455,2.588995694855461,2.645250062357467,2.701504429859473,2.7577587973614786,2.8140131648634843,2.87026753236549,2.926521899867496,2.9827762673695015,3.0390306348715077,3.0952850023735134,3.151539369875519,3.207793737377525,3.2640481048795307,3.3203024723815364,3.376556839883542,3.4328112073855483,3.489065574887554,3.54531994238956,3.6015743098915656]},"col_joint_mean":0,"col_joint_std":0,"obs_viols_max":0,"fde_hist":{"_type":"histogram","values":[1369,663,812,705,621,546,448,381,330,266,217,152,129,104,86,72,67,50,38,24,17,22,12,11,17,9,13,2,8,8,2,3,5,1,3,1,1,0,1,1,0,0,3,0,1,0,0,1,0,1,0,0,0,0,0,1,1,0,0,0,0,1,0,1],