{"_wandb":{"runtime":128},"_timestamp":1.742191151219411e+09,"Agent/loss":-5.855877876281738,"train/learning_rate":0.0009708323524791849,"train/loss":-5.855877876281738,"_runtime":128.253937945,"_step":295,"Agent/log_likelihood":9.79306411743164}