{"train/learning_rate":0.0009708323524791849,"Agent/latent/z_logit_clip":2.442530393600464,"_step":295,"Agent/log_likelihood":9.79306411743164,"Agent/kl":0.0791015625,"Agent/loss":-5.855877876281738,"train/loss":-5.855877876281738,"_wandb":{"runtime":130},"Agent/true_kl":0.0791015625,"_runtime":130.455100748,"_timestamp":1.7421868017163496e+09,"Agent/kl_weight":26.114999771118164,"Agent/latent/temp":0.851306676864624}