{"Agent/log_likelihood":9.79306411743164,"_timestamp":1.7421875128892772e+09,"Agent/loss":-5.855877876281738,"train/learning_rate":0.0009708323524791849,"train/loss":-5.855877876281738,"_runtime":127.960346793,"_step":295,"_wandb":{"runtime":127}}