{"Agent/log_likelihood":20.676584243774414,"_wandb":{"runtime":534},"_timestamp":1.7424379596696055e+09,"Agent/loss":-11.42844295501709,"train/learning_rate":0.0007511767470648416,"train/loss":-11.352014541625977,"_runtime":534.667086372,"_step":2862}