{"train/learning_rate":0.0008677018661727893,"_wandb":{"runtime":292},"train/loss":-12.0493745803833,"_runtime":292.200505186,"_step":1419,"Agent/log_likelihood":21.646190643310547,"_timestamp":1.7424374134706914e+09,"Agent/loss":-12.0493745803833}