{"ade_hist":{"bins":[0.017466267823692063,0.07499045720899414,0.1325146465942962,0.1900388359795983,0.24756302536490038,0.30508721475020245,0.3626114041355045,0.4201355935208066,0.47765978290610867,0.5351839722914108,0.5927081616767129,0.6502323510620149,0.7077565404473171,0.7652807298326191,0.8228049192179212,0.8803291086032232,0.9378532979885253,0.9953774873738275,1.0529016767591295,1.1104258661444315,1.1679500555297337,1.2254742449150358,1.2829984343003378,1.3405226236856398,1.398046813070942,1.455571002456244,1.513095191841546,1.5706193812268483,1.6281435706121503,1.6856677599974523,1.7431919493827543,1.8007161387680566,1.8582403281533586,1.9157645175386606,1.9732887069239629,2.0308128963092646,2.0883370856945667,2.1458612750798687,2.2033854644651707,2.2609096538504727,2.318433843235775,2.375958032621077,2.433482222006379,2.491006411391681,2.5485306007769832,2.6060547901622853,2.6635789795475873,2.7211031689328897,2.7786273583181917,2.8361515477034938,2.8936757370887958,2.951199926474098,3.0087241158594,3.066248305244702,3.1237724946300043,3.1812966840153063,3.2388208734006083,3.2963450627859103,3.3538692521712123,3.4113934415565144,3.4689176309418164,3.526441820327119,3.583966009712421,3.641490199097723,3.699014388483025],"_type":"histogram","values":[644,946,604,612,619,549,473,414,404,312,243,205,172,154,133,91,103,98,55,51,47,25,41,25,25,17,19,17,11,10,5,17,10,12,7,6,8,6,5,4,3,4,2,5,3,3,1,1,2,1,0,0,0,0,0,0,1,0,0,1,0,0,0,1]},"nll_mean":-10.305846214294434,"col_cross_hist":{"values":[0,0,0,0,0,0,0,0,0,0,0,0,0,0,0,0,0,0,0,0,0,0,0,0,0,0,0,0,0,0,0,0,7227,0,0,0,0,0,0,0,0,0,0,0,0,0,0,0,0,0,0,0,0,0,0,0,0,0,0,0,0,0,0,0],"bins":[-0.5,-0.484375,-0.46875,-0.453125,-0.4375,-0.421875,-0.40625,-0.390625,-0.375,-0.359375,-0.34375,-0.328125,-0.3125,-0.296875,-0.28125,-0.265625,-0.25,-0.234375,-0.21875,-0.203125,-0.1875,-0.171875,-0.15625,-0.140625,-0.125,-0.109375,-0.09375,-0.078125,-0.0625,-0.046875,-0.03125,-0.015625,0,0.015625,0.03125,0.046875,0.0625,0.078125,0.09375,0.109375,0.125,0.140625,0.15625,0.171875,0.1875,0.203125,0.21875,0.234375,0.25,0.265625,0.28125,0.296875,0.3125,0.328125,0.34375,0.359375,0.375,0.390625,0.40625,0.421875,0.4375,0.453125,0.46875,0.484375,0.5],"_type":"histogram"},"nll_median":-10.148066520690918,"nll_hist":{"_type":"histogram","values":[1,0,1,0,1,0,1,1,1,0,0,1,1,0,3,1,0,1,1,0,0,0,2,3,0,0,1,1,1,0,0,1,1,1,1,1,0,0,0,0,0,1,0,0,0,0,0,0,0,0,0,0,0,0,0,0,0,0,0,0,0,0,0,1],"bins":[-13.22426986694336,-13.087691307067871,-12.951111793518066,-12.814533233642578,-12.67795467376709,-12.541376113891602,-12.404796600341797,-12.268218040466309,-12.13163948059082,-11.995060920715332,-11.858481407165527,-11.721902847290039,-11.58532428741455,-11.448745727539062,-11.312166213989258,-11.17558765411377,-11.039009094238281,-10.902429580688477,-10.765851020812988,-10.6292724609375,-10.492693901062012,-10.356114387512207,-10.219535827636719,-10.08295726776123,-9.946378707885742,-9.809799194335938,-9.67322063446045,-9.536642074584961,-9.400063514709473,-9.263484001159668,-9.12690544128418,-8.990326881408691,-8.853748321533203,-8.717168807983398,-8.58059024810791,-8.444011688232422,-8.307432174682617,-8.170853614807129,-8.03427505493164,-7.897696018218994,-7.761117458343506,-7.624538421630859,-7.487959861755371,-7.351380825042725,-7.214802265167236,-7.07822322845459,-6.941644668579102,-6.805065631866455,-6.668486595153809,-6.53190803527832,-6.395328998565674,-6.2587504386901855,-6.122171401977539,-5.985592842102051,-5.849013805389404,-5.712435245513916,-5.5758562088012695,-5.439277648925781,-5.302698612213135,-5.1661200523376465,-5.029541015625,-4.892962455749512,-4.756383419036865,-4.619804859161377,-4.4832258224487305]},"fde_hist":{"_type":"histogram","values":[337,1266,619,645,554,563,435,447,395,315,258,226,208,159,119,102,85,79,66,49,45,38,36,22,24,15,12,17,13,15,7,6,6,9,9,6,2,1,1,4,2,0,1,1,1,0,0,1,1,0,0,0,0,0,0,2,1,0,0,0,0,1,0,1],"bins":[0.008948620701506703,0.14779732797597825,0.2866460352504498,0.42549474252492137,0.5643434497993929,0.7031921570738644,0.842040864348336,0.9808895716228075,1.119738278897279,1.2585869861717505,1.397435693446222,1.5362844007206935,1.6751331079951652,1.8139818152696368,1.9528305225441083,2.09167922981858,2.2305279370930515,2.3693766443675233,2.5082253516419946,2.6470740589164663,2.7859227661909376,2.9247714734654093,3.0636201807398806,3.2024688880143524,3.341317595288824,3.4801663025632954,3.619015009837767,3.7578637171122384,3.89671242438671,4.035561131661181,4.174409838935652,4.3132585462101245,4.452107253484596,4.590955960759067,4.729804668033539,4.868653375308011,5.007502082582482,5.146350789856953,5.285199497131425,5.424048204405897,5.562896911680368,5.70174561895484,5.840594326229311,5.979443033503783,6.118291740778254,6.257140448052726,6.3959891553271975,6.534837862601669,6.673686569876141,6.812535277150612,6.9513839844250835,7.090232691699555,7.229081398974027,7.367930106248498,7.50677881352297,7.645627520797441,7.784476228071913,7.923324935346384,8.062173642620856,8.201022349895327,8.339871057169798,8.478719764444271,8.617568471718743,8.756417178993214,8.895265886267685]},"kde_max":0,"nll_min":-13.22426986694336,"ade_median":0.32333155421281795,"col_joint_max":0,"fde_max":8.895265886267685,"kde_min":0,"ade_min":0.017466267823692063,"ade_mean":0.4263290690153567,"fde_mean":0.9738345575854855,"_runtime":128.504317676,"fde_std":0.8600892724515584,"fde_box_plot":{"height":500,"_type":"image-file","sha256":"02ed245e346f85db43336697b55cb0af93fb14fca74e8564e84c3179b0f2bebe","size":10761,"path":"media/images/fde_box_plot_296_02ed245e346f85db4333.png","format":"png","width":500},"col_joint_mean":0,"col_truth_hist":{"_type":"histogram","values":[0,0,0,0,0,0,0,0,0,0,0,0,0,0,0,0,0,0,0,0,0,0,0,0,0,0,0,0,0,0,0,0,7227,0,0,0,0,0,0,0,0,0,0,0,0,0,0,0,0,0,0,0,0,0,0,0,0,0,0,0,0,0,0,0],"bins":[-0.5,-0.484375,-0.46875,-0.453125,-0.4375,-0.421875,-0.40625,-0.390625,-0.375,-0.359375,-0.34375,-0.328125,-0.3125,-0.296875,-0.28125,-0.265625,-0.25,-0.234375,-0.21875,-0.203125,-0.1875,-0.171875,-0.15625,-0.140625,-0.125,-0.109375,-0.09375,-0.078125,-0.0625,-0.046875,-0.03125,-0.015625,0,0.015625,0.03125,0.046875,0.0625,0.078125,0.09375,0.109375,0.125,0.140625,0.15625,0.171875,0.1875,0.203125,0.21875,0.234375,0.25,0.265625,0.28125,0.296875,0.3125,0.328125,0.34375,0.359375,0.375,0.390625,0.40625,0.421875,0.4375,0.453125,0.46875,0.484375,0.5]},"col_truth_median":0,"fde_min":0.008948620701506703,"obs_viols_min":0,"col_truth_mean":0,"ade_box_plot":{"sha256":"2edec85b01aa241273a2daaf2d28a63c756eabe45f523d23f6c53eb4d9a9e122","size":11611,"path":"media/images/ade_box_plot_296_2edec85b01aa241273a2.png","format":"png","width":500,"height":500,"_type":"image-file"},"train/learning_rate":0.0009708323524791849,"kde_median":0,"col_truth_max":0,"obs_viols_hist":{"_type":"histogram","values":[0,0,0,0,0,0,0,0,0,0,0,0,0,0,0,0,0,0,0,0,0,0,0,0,0,0,0,0,0,0,0,0,7227,0,0,0,0,0,0,0,0,0,0,0,0,0,0,0,0,0,0,0,0,0,0,0,0,0,0,0,0,0,0,0],"bins":[-0.5,-0.484375,-0.46875,-0.453125,-0.4375,-0.421875,-0.40625,-0.390625,-0.375,-0.359375,-0.34375,-0.328125,-0.3125,-0.296875,-0.28125,-0.265625,-0.25,-0.234375,-0.21875,-0.203125,-0.1875,-0.171875,-0.15625,-0.140625,-0.125,-0.109375,-0.09375,-0.078125,-0.0625,-0.046875,-0.03125,-0.015625,0,0.015625,0.03125,0.046875,0.0625,0.078125,0.09375,0.109375,0.125,0.140625,0.15625,0.171875,0.1875,0.203125,0.21875,0.234375,0.25,0.265625,0.28125,0.296875,0.3125,0.328125,0.34375,0.359375,0.375,0.390625,0.40625,0.421875,0.4375,0.453125,0.46875,0.484375,0.5]},"Agent/loss":-5.855877876281738,