{"_runtime":2916.412309328,"_step":17500,"Agent/log_likelihood":18.78374481201172,"_timestamp":1.7425259764418342e+09,"_wandb":{"runtime":2916},"Agent/loss":-10.22417163848877,"train/learning_rate":0.00017375873788196854,"train/loss":-10.22417163848877}