{"nll_median":-17.143325805664062,"nll_max":-15.829621315002441,"kde_mean":0,"Agent/loss":-10.22417163848877,"col_joint_std":0,"fde_std":0.3114859450341283,"kde_std":0,"nll_mean":-17.35795783996582,"fde_max":3.8221472588495304,"ade_box_plot":{"format":"png","width":500,"height":500,"_type":"image-file","sha256":"c965cecc8c372791080125a404154bce718e4f94196d41f75390847b2a2800fb","size":9517,"path":"media/images/ade_box_plot_17500_c965cecc8c3727910801.png"},"col_truth_min":0,"nll_hist":{"bins":[-20.23054313659668,-20.161779403686523,-20.093013763427734,-20.024250030517578,-19.955486297607422,-19.886720657348633,-19.817956924438477,-19.74919319152832,-19.68042755126953,-19.611663818359375,-19.542898178100586,-19.47413444519043,-19.405370712280273,-19.336605072021484,-19.267841339111328,-19.199077606201172,-19.130311965942383,-19.061548233032227,-18.99278450012207,-18.92401885986328,-18.855255126953125,-18.78649139404297,-18.71772575378418,-18.648962020874023,-18.580198287963867,-18.511432647705078,-18.442668914794922,-18.373905181884766,-18.305139541625977,-18.23637580871582,-18.16761016845703,-18.098846435546875,-18.03008270263672,-17.96131706237793,-17.892553329467773,-17.823789596557617,-17.755023956298828,-17.686260223388672,-17.617496490478516,-17.548730850219727,-17.47996711730957,-17.411203384399414,-17.342437744140625,-17.27367401123047,-17.204910278320312,-17.136144638061523,-17.067380905151367,-16.998615264892578,-16.929851531982422,-16.861087799072266,-16.792322158813477,-16.72355842590332,-16.654794692993164,-16.586029052734375,-16.51726531982422,-16.448501586914062,-16.379735946655273,-16.310972213745117,-16.24220848083496,-16.173442840576172,-16.104679107666016,-16.03591537475586,-15.96714973449707,-15.898386001586914,-15.829621315002441],"_type":"histogram","values":[1,0,0,0,0,0,0,0,0,0,0,0,0,0,0,0,1,0,0,1,0,0,0,1,1,0,0,0,0,0,2,0,1,0,1,0,0,1,2,1,1,0,1,1,2,1,4,3,1,2,1,0,0,0,1,0,2,1,0,1,0,0,0,1]},"col_truth_hist":{"bins":[-0.5,-0.484375,-0.46875,-0.453125,-0.4375,-0.421875,-0.40625,-0.390625,-0.375,-0.359375,-0.34375,-0.328125,-0.3125,-0.296875,-0.28125,-0.265625,-0.25,-0.234375,-0.21875,-0.203125,-0.1875,-0.171875,-0.15625,-0.140625,-0.125,-0.109375,-0.09375,-0.078125,-0.0625,-0.046875,-0.03125,-0.015625,0,0.015625,0.03125,0.046875,0.0625,0.078125,0.09375,0.109375,0.125,0.140625,0.15625,0.171875,0.1875,0.203125,0.21875,0.234375,0.25,0.265625,0.28125,0.296875,0.3125,0.328125,0.34375,0.359375,0.375,0.390625,0.40625,0.421875,0.4375,0.453125,0.46875,0.484375,0.5],"_type":"histogram","values":[0,0,0,0,0,0,0,0,0,0,0,0,0,0,0,0,0,0,0,0,0,0,0,0,0,0,0,0,0,0,0,0,8982,0,0,0,0,0,0,0,0,0,0,0,0,0,0,0,0,0,0,0,0,0,0,0,0,0,0,0,0,0,0,0]},"_runtime":2961.651799682,"col_joint_min":0,"fde_hist":{"bins":[0.00040916039450874717,0.06012381818286846,0.11983847597122818,0.1795531337595879,0.2392677915479476,0.2989824493363073,0.358697107124667,0.41841176491302673,0.47812642270138644,0.5378410804897462,0.5975557382781059,0.6572703960664656,0.7169850538548254,0.7766997116431851,0.8364143694315448,0.8961290272199045,0.9558436850082642,1.015558342796624,1.0752730005849835,1.1349876583733431,1.194702316161703,1.2544169739500628,1.3141316317384224,1.373846289526782,1.4335609473151418,1.4932756051035017,1.5529902628918613,1.6127049206802209,1.6724195784685807,1.7321342362569405,1.7918488940453001,1.8515635518336597,1.9112782096220196,1.9709928674103794,2.030707525198739,2.0904221829870986,2.1501368407754584,2.2098514985638182,2.2695661563521776,2.3292808141405374,2.3889954719288973,2.448710129717257,2.508424787505617,2.5681394452939763,2.627854103082336,2.687568760870696,2.7472834186590553,2.806998076447415,2.866712734235775,2.926427392024135,2.9861420498124946,3.045856707600854,3.105571365389214,3.1652860231775737,3.225000680965933,3.284715338754293,3.3444299965426527,3.4041446543310125,3.4638593121193724,3.5235739699077318,3.5832886276960916,3.6430032854844514,3.702717943272811,3.7624326010611706,3.8221472588495304],"_type":"histogram","values":[1668,786,892,884,796,689,616,530,409,330,272,242,167,151,103,84,60,51,54,39,26,20,19,7,17,8,5,5,11,6,5,2,4,1,5,2,2,0,3,2,2,0,0,1,0,1,0,0,0,2,0,0,0,0,2,0,0,0,0,0,0,0,0,1]},"obs_viols_mean":0,"col_cross_hist":{"values":[0,0,0,0,0,0,0,0,0,0,0,0,0,0,0,0,0,0,0,0,0,0,0,0,0,0,0,0,0,0,0,0,8982,0,0,0,0,0,0,0,0,0,0,0,0,0,0,0,0,0,0,0,0,0,0,0,0,0,0,0,0,0,0,0],"bins":[-0.5,-0.484375,-0.46875,-0.453125,-0.4375,-0.421875,-0.40625,-0.390625,-0.375,-0.359375,-0.34375,-0.328125,-0.3125,-0.296875,-0.28125,-0.265625,-0.25,-0.234375,-0.21875,-0.203125,-0.1875,-0.171875,-0.15625,-0.140625,-0.125,-0.109375,-0.09375,-0.078125,-0.0625,-0.046875,-0.03125,-0.015625,0,0.015625,0.03125,0.046875,0.0625,0.078125,0.09375,0.109375,0.125,0.140625,0.15625,0.171875,0.1875,0.203125,0.21875,0.234375,0.25,0.265625,0.28125,0.296875,0.3125,0.328125,0.34375,0.359375,0.375,0.390625,0.40625,0.421875,0.4375,0.453125,0.46875,0.484375,0.5],"_type":"histogram"},"col_cross_max":0,"kde_max":0,"kde_min":0,"col_joint_median":0,"fde_median":0.25835792391507834,"obs_viols_median":0,"ade_hist":{"bins":[0.0011345501393063902,0.022389944825656094,0.0436453395120058,0.06490073419835549,0.0861561288847052,0.1074115235710549,0.1286669182574046,0.1499223129437543,0.171177707630104,0.19243310231645372,0.21368849700280343,0.2349438916891531,0.2561992863755028,0.27745468106185256,0.29871007574820224,0.319965470434552,0.34122086512090166,0.36247625980725134,0.3837316544936011,0.40498704917995076,0.4262424438663005,0.4474978385526502,0.46875323323899987,0.4900086279253496,0.5112640226116992,0.532519417298049,0.5537748119843987,0.5750302066707484,0.5962856013570981,0.6175409960434478,0.6387963907297975,0.6600517854161472,0.6813071801024969,0.7025625747888466,0.7238179694751963,0.745073364161546,0.7663287588478958,0.7875841535342454,0.8088395482205951,0.8300949429069449,0.8513503375932946,0.8726057322796442,0.893861126965994,0.9151165216523437,0.9363719163386933,0.9576273110250431,0.9788827057113928,1.0001381003977423,1.021393495084092,1.0426488897704418,1.0639042844567914,1.0851596791431413,1.106415073829491,1.1276704685158405,1.1489258632021904,1.17018125788854,1.1914366525748896,1.2126920472612395,1.233947441947589,1.2552028366339387,1.2764582313202886,1.2977136260066382,1.3189690206929878,1.3402244153793377,1.3614798100656873],"_type":"histogram","values":[1464,652,850,847,815,723,604,499,521,359,280,242,214,158,151,109,90,73,59,46,29,34,23,27,19,15,10,7,10,5,6,9,2,2,2,2,4,2,0,5,2,0,1,1,0,3,0,0,0,0,0,1,1,0,0,1,0,0,0,1,0,0,1,1]},"ade_mean":0.1309286967371419,"col_cross_median":0,"train/learning_rate":0.00017375873788196854,"Agent/log_likelihood":18.78374481201172,"train/loss":-10.22417163848877,"ade_max":1.3614798100656873,"col_cross_std":0,"nll_min":-20.23054313659668,"fde_min":0.00040916039450874717,"kde_bar_plot":{"height":500,"_type":"image-file","sha256":"61fc95dacd2ebf8600768ef54a4d508057f1db77f167d30088abddcca668faca","size":8157,"path":"media/images/kde_bar_plot_17500_61fc95dacd2ebf860076.png","format":"png","width":500},"col_joint_max":0,"col_truth_median":0,"obs_viols_max":0,"col_truth_std":0,"col_cross_min":0,"nll_std":0.8907688856124878,"kde_median":0,"col_joint_mean":0,"col_cross_mean":0,"fde_box_plot":{"sha256":"e1941a658d5f5e68fb97f949470084f90466957d5d9bb276160021b3894de421","size":10221,"path":"media/images/fde_box_plot_17500_e1941a658d5f5e68fb97.png","format":"png","width":500,"height":500,"_type":"image-file"},"ade_min":0.0011345501393063902,"kde_hist":{"_type":"histogram","values":[0,0,0,0,0,0,0,0,0,0,0,0,0,0,0,0,0,0,0,0,0,0,0,0,0,0,0,0,0,0,0,0,8982,0,0,0,0,0,0,0,0,0,0,0,0,0,0,0,0,0,0,0,0,0,0,0,0,0,0,0,0,0,0,0],