{"_step":72,"Agent/log_likelihood":0.19938668608665466,"_wandb":{"runtime":45},"_timestamp":1.7424976813806176e+09,"Agent/loss":5.556021213531494,"train/learning_rate":0.0009929247929420346,"train/loss":3.482386350631714,"_runtime":45.923478748}