{"col_joint_median":0,"fde_median":0.2661095243346173,"col_truth_std":0,"col_truth_mean":0,"nll_median":-17.217426300048828,"_runtime":2706.566441556,"_timestamp":1.7425329233665264e+09,"ade_min":0.0011094292558694908,"col_joint_hist":{"_type":"histogram","values":[0,0,0,0,0,0,0,0,0,0,0,0,0,0,0,0,0,0,0,0,0,0,0,0,0,0,0,0,0,0,0,0,8982,0,0,0,0,0,0,0,0,0,0,0,0,0,0,0,0,0,0,0,0,0,0,0,0,0,0,0,0,0,0,0],"bins":[-0.5,-0.484375,-0.46875,-0.453125,-0.4375,-0.421875,-0.40625,-0.390625,-0.375,-0.359375,-0.34375,-0.328125,-0.3125,-0.296875,-0.28125,-0.265625,-0.25,-0.234375,-0.21875,-0.203125,-0.1875,-0.171875,-0.15625,-0.140625,-0.125,-0.109375,-0.09375,-0.078125,-0.0625,-0.046875,-0.03125,-0.015625,0,0.015625,0.03125,0.046875,0.0625,0.078125,0.09375,0.109375,0.125,0.140625,0.15625,0.171875,0.1875,0.203125,0.21875,0.234375,0.25,0.265625,0.28125,0.296875,0.3125,0.328125,0.34375,0.359375,0.375,0.390625,0.40625,0.421875,0.4375,0.453125,0.46875,0.484375,0.5]},"kde_mean":0,"obs_viols_mean":0,"kde_hist":{"values":[0,0,0,0,0,0,0,0,0,0,0,0,0,0,0,0,0,0,0,0,0,0,0,0,0,0,0,0,0,0,0,0,8982,0,0,0,0,0,0,0,0,0,0,0,0,0,0,0,0,0,0,0,0,0,0,0,0,0,0,0,0,0,0,0],"bins":[-0.5,-0.484375,-0.46875,-0.453125,-0.4375,-0.421875,-0.40625,-0.390625,-0.375,-0.359375,-0.34375,-0.328125,-0.3125,-0.296875,-0.28125,-0.265625,-0.25,-0.234375,-0.21875,-0.203125,-0.1875,-0.171875,-0.15625,-0.140625,-0.125,-0.109375,-0.09375,-0.078125,-0.0625,-0.046875,-0.03125,-0.015625,0,0.015625,0.03125,0.046875,0.0625,0.078125,0.09375,0.109375,0.125,0.140625,0.15625,0.171875,0.1875,0.203125,0.21875,0.234375,0.25,0.265625,0.28125,0.296875,0.3125,0.328125,0.34375,0.359375,0.375,0.390625,0.40625,0.421875,0.4375,0.453125,0.46875,0.484375,0.5],"_type":"histogram"},"col_truth_min":0,"train/learning_rate":0.00017375873788196854,"col_cross_std":0,"train/loss":-10.651626586914062,"col_cross_mean":0,"col_joint_std":0,"obs_viols_max":0,"Agent/log_likelihood":18.874229431152344,"col_truth_hist":{"bins":[-0.5,-0.484375,-0.46875,-0.453125,-0.4375,-0.421875,-0.40625,-0.390625,-0.375,-0.359375,-0.34375,-0.328125,-0.3125,-0.296875,-0.28125,-0.265625,-0.25,-0.234375,-0.21875,-0.203125,-0.1875,-0.171875,-0.15625,-0.140625,-0.125,-0.109375,-0.09375,-0.078125,-0.0625,-0.046875,-0.03125,-0.015625,0,0.015625,0.03125,0.046875,0.0625,0.078125,0.09375,0.109375,0.125,0.140625,0.15625,0.171875,0.1875,0.203125,0.21875,0.234375,0.25,0.265625,0.28125,0.296875,0.3125,0.328125,0.34375,0.359375,0.375,0.390625,0.40625,0.421875,0.4375,0.453125,0.46875,0.484375,0.5],"_type":"histogram","values":[0,0,0,0,0,0,0,0,0,0,0,0,0,0,0,0,0,0,0,0,0,0,0,0,0,0,0,0,0,0,0,0,8982,0,0,0,0,0,0,0,0,0,0,0,0,0,0,0,0,0,0,0,0,0,0,0,0,0,0,0,0,0,0,0]},"col_cross_median":0,"nll_std":0.891227126121521,"col_joint_mean":0,"kde_median":0,"_wandb":{"runtime":2706},"nll_mean":-17.344701766967773,"nll_max":-15.869291305541992,"_step":17500,"nll_hist":{"values":[1,0,0,0,0,0,0,0,0,0,0,0,0,0,0,0,0,0,1,0,0,1,0,0,0,1,1,0,0,0,0,0,3,0,0,0,0,2,2,2,0,0,1,3,1,0,0,2,3,3,2,1,0,1,0,0,1,0,0,2,0,1,0,1],"bins":[-20.270671844482422,-20.201900482177734,-20.133129119873047,-20.06435775756836,-19.995586395263672,-19.92681312561035,-19.858041763305664,-19.789270401000977,-19.72049903869629,-19.6517276763916,-19.582956314086914,-19.514184951782227,-19.44541358947754,-19.37664222717285,-19.30786895751953,-19.239097595214844,-19.170326232910156,-19.10155487060547,-19.03278350830078,-18.964012145996094,-18.895240783691406,-18.82646942138672,-18.75769805908203,-18.68892478942871,-18.620153427124023,-18.551382064819336,-18.48261070251465,-18.41383934020996,-18.345067977905273,-18.276296615600586,-18.2075252532959,-18.13875389099121,-18.06998062133789,-18.001209259033203,-17.932437896728516,-17.863666534423828,-17.79489517211914,-17.726123809814453,-17.657352447509766,-17.588581085205078,-17.51980972290039,-17.451038360595703,-17.382265090942383,-17.313493728637695,-17.244722366333008,-17.17595100402832,-17.107179641723633,-17.038408279418945,-16.969636917114258,-16.90086555480957,-16.832094192504883,-16.763320922851562,-16.694549560546875,-16.625778198242188,-16.5570068359375,-16.488235473632812,-16.419464111328125,-16.350692749023438,-16.28192138671875,-16.213150024414062,-16.144376754760742,-16.075605392456055,-16.006834030151367,-15.93806266784668,-15.869291305541992],"_type":"histogram"},"kde_max":0,"col_cross_min":0,"ade_max":1.3880207853582598,"kde_min":0,"ade_median":0.10699983768475468,"col_joint_max":0,"obs_viols_median":0,"obs_viols_hist":{"_type":"histogram","values":[0,0,0,0,0,0,0,0,0,0,0,0,0,0,0,0,0,0,0,0,0,0,0,0,0,0,0,0,0,0,0,0,8982,0,0,0,0,0,0,0,0,0,0,0,0,0,0,0,0,0,0,0,0,0,0,0,0,0,0,0,0,0,0,0],"bins":[-0.5,-0.484375,-0.46875,-0.453125,-0.4375,-0.421875,-0.40625,-0.390625,-0.375,-0.359375,-0.34375,-0.328125,-0.3125,-0.296875,-0.28125,-0.265625,-0.25,-0.234375,-0.21875,-0.203125,-0.1875,-0.171875,-0.15625,-0.140625,-0.125,-0.109375,-0.09375,-0.078125,-0.0625,-0.046875,-0.03125,-0.015625,0,0.015625,0.03125,0.046875,0.0625,0.078125,0.09375,0.109375,0.125,0.140625,0.15625,0.171875,0.1875,0.203125,0.21875,0.234375,0.25,0.265625,0.28125,0.296875,0.3125,0.328125,0.34375,0.359375,0.375,0.390625,0.40625,0.421875,0.4375,0.453125,0.46875,0.484375,0.5]},"ade_box_plot":{"height":500,"_type":"image-file","sha256":"9392b1f08462709b29607fcafc5ad4f3d277dc832e28745a1674db901030d41c","size":9501,"path":"media/images/ade_box_plot_17500_9392b1f08462709b2960.png","format":"png","width":500},"obs_viols_min":0,"col_joint_min":0,"ade_std":0.12095625451485041,"Agent/loss":-10.651626586914062,"fde_max":3.884140714653062,"fde_box_plot":{"_type":"image-file","sha256":"ff1054d63e9f1059f913dbe4f07b3d23d87cbcb9bd17a15e2fb3a1d53caf6a7c","size":10270,"path":"media/images/fde_box_plot_17500_ff1054d63e9f1059f913.png","format":"png","width":500,"height":500},"fde_hist":{"_type":"histogram","values":[1671,750,882,890,795,712,649,503,420,347,279,209,175,148,120,71,73,59,39,30,30,19,21,11,13,6,5,5,12,4,4,2,1,5,4,3,2,2,0,2,1,0,0,1,1,1,0,0,2,0,0,0,0,0,0,2,0,0,0,0,0,0,0,1],"bins":[0.0004937853482847625,0.06117576861867191,0.12185775188905905,0.1825397351594462,0.24322171842983334,0.30390370170022046,0.3645856849706076,0.42526766824099477,0.4859496515113819,0.5466316347817691,0.6073136180521562,0.6679956013225434,0.7286775845929305,0.7893595678633177,0.8500415511337048,0.910723534404092,0.9714055176744791,1.0320875009448662,1.0927694842152533,1.1534514674856404,1.2141334507560275,1.2748154340264148,1.335497417296802,1.396179400567189,1.4568613838375761,1.5175433671079632,1.5782253503783505,1.6389073336487376,1.6995893169191247,1.7602713001895118,1.8209532834598992,1.8816352667302862,1.9423172500006733,2.0029992332710607,2.0636812165414478,2.124363199811835,2.185045183082222,2.245727166352609,2.306409149622996,2.3670911328933832,2.4277731161637703,2.4884550994341574,2.549137082704545,2.609819065974932,2.670501049245319,2.7311830325157063,2.7918650157860934,2.8525469990564805,2.9132289823268676,2.9739109655972547,3.0345929488676417,3.0952749321380293,3.1559569154084164,3.2166388986788035,3.2773208819491906,3.3380028652195777,3.3986848484899648,3.459366831760352,3.520048815030739,3.580730798301126,3.6414127815715136,3.7020947648419007,3.762776748112288,3.823458731382675,3.884140714653062]},"fde_mean":0.3350620817125691,"col_truth_median":0,"col_cross_hist":{"values":[0,0,0,0,0,0,0,0,0,0,0,0,0,0,0,0,0,0,0,0,0,0,0,0,0,0,0,0,0,0,0,0,8982,0,0,0,0,0,0,0,0,0,0,0,0,0,0,0,0,0,0,0,0,0,0,0,0,0,0,0,0,0,0,0],"bins":[-0.5,-0.484375,-0.46875,-0.453125,-0.4375,-0.421875,-0.40625,-0.390625,-0.375,-0.359375,-0.34375,-0.328125,-0.3125,-0.296875,-0.28125,-0.265625,-0.25,-0.234375,-0.21875,-0.203125,-0.1875,-0.171875,-0.15625,-0.140625,-0.125,-0.109375,-0.09375,-0.078125,-0.0625,-0.046875,-0.03125,-0.015625,0,0.015625,0.03125,0.046875,0.0625,0.078125,0.09375,0.109375,0.125,0.140625,0.15625,0.171875,0.1875,0.203125,0.21875,0.234375,0.25,0.265625,0.28125,0.296875,0.3125,0.328125,0.34375,0.359375,0.375,0.390625,0.40625,0.421875,0.4375,0.453125,0.46875,0.484375,0.5],