{"ade_std":0.12047934755902329,"nll_mean":-17.49748992919922,"col_joint_hist":{"values":[0,0,0,0,0,0,0,0,0,0,0,0,0,0,0,0,0,0,0,0,0,0,0,0,0,0,0,0,0,0,0,0,8982,0,0,0,0,0,0,0,0,0,0,0,0,0,0,0,0,0,0,0,0,0,0,0,0,0,0,0,0,0,0,0],"bins":[-0.5,-0.484375,-0.46875,-0.453125,-0.4375,-0.421875,-0.40625,-0.390625,-0.375,-0.359375,-0.34375,-0.328125,-0.3125,-0.296875,-0.28125,-0.265625,-0.25,-0.234375,-0.21875,-0.203125,-0.1875,-0.171875,-0.15625,-0.140625,-0.125,-0.109375,-0.09375,-0.078125,-0.0625,-0.046875,-0.03125,-0.015625,0,0.015625,0.03125,0.046875,0.0625,0.078125,0.09375,0.109375,0.125,0.140625,0.15625,0.171875,0.1875,0.203125,0.21875,0.234375,0.25,0.265625,0.28125,0.296875,0.3125,0.328125,0.34375,0.359375,0.375,0.390625,0.40625,0.421875,0.4375,0.453125,0.46875,0.484375,0.5],"_type":"histogram"},"obs_viols_max":0,"obs_viols_mean":0,"col_joint_std":0,"fde_hist":{"_type":"histogram","values":[1682,824,930,906,797,708,587,525,407,299,284,197,155,158,105,75,53,56,52,32,23,19,12,10,14,7,7,8,8,7,6,3,1,4,4,4,0,3,1,0,1,1,0,0,1,1,0,0,0,1,0,0,0,0,2,1,0,0,0,0,0,0,0,1],"bins":[0.0007872559025715102,0.06145913511075566,0.1221310143189398,0.18280289352712395,0.2434747727353081,0.3041466519434923,0.3648185311516764,0.4254904103598605,0.4861622895680447,0.5468341687762289,0.6075060479844131,0.6681779271925972,0.7288498064007813,0.7895216856089655,0.8501935648171496,0.9108654440253338,0.9715373232335179,1.032209202441702,1.0928810816498862,1.1535529608580704,1.2142248400662545,1.2748967192744385,1.3355685984826227,1.3962404776908068,1.456912356898991,1.5175842361071752,1.5782561153153594,1.6389279945235435,1.6995998737317275,1.7602717529399117,1.8209436321480958,1.88161551135628,1.9422873905644642,2.0029592697726484,2.0636311489808326,2.1243030281890167,2.184974907397201,2.245646786605385,2.3063186658135693,2.3669905450217534,2.4276624242299376,2.4883343034381213,2.5490061826463055,2.6096780618544897,2.670349941062674,2.731021820270858,2.7916936994790422,2.8523655786872264,2.9130374578954106,2.9737093371035948,3.034381216311779,3.095053095519963,3.1557249747281473,3.2163968539363315,3.2770687331445156,3.3377406123527,3.3984124915608835,3.4590843707690677,3.519756249977252,3.580428129185436,3.6411000083936202,3.7017718876018044,3.7624437668099886,3.8231156460181728,3.883787525226357]},"col_truth_mean":0,"col_joint_min":0,"kde_min":0,"kde_median":0,"train/learning_rate":0.00017375873788196854,"kde_bar_plot":{"path":"media/images/kde_bar_plot_17500_59884601ab1e3a79703a.png","format":"png","width":500,"height":500,"_type":"image-file","sha256":"59884601ab1e3a79703a249200feacbc3cb1b60a7e831d6111463620bd4897fc","size":8663},"col_joint_mean":0,"kde_std":0,"Agent/log_likelihood":18.873937606811523,"obs_viols_median":0,"fde_box_plot":{"size":10258,"path":"media/images/fde_box_plot_17500_85bee77619434dfed409.png","format":"png","width":500,"height":500,"_type":"image-file","sha256":"85bee77619434dfed409cd087b129d738fd35593d6067a123dfd6e5cfdac1c4a"},"_wandb":{"runtime":3228},"col_cross_hist":{"values":[0,0,0,0,0,0,0,0,0,0,0,0,0,0,0,0,0,0,0,0,0,0,0,0,0,0,0,0,0,0,0,0,8982,0,0,0,0,0,0,0,0,0,0,0,0,0,0,0,0,0,0,0,0,0,0,0,0,0,0,0,0,0,0,0],"bins":[-0.5,-0.484375,-0.46875,-0.453125,-0.4375,-0.421875,-0.40625,-0.390625,-0.375,-0.359375,-0.34375,-0.328125,-0.3125,-0.296875,-0.28125,-0.265625,-0.25,-0.234375,-0.21875,-0.203125,-0.1875,-0.171875,-0.15625,-0.140625,-0.125,-0.109375,-0.09375,-0.078125,-0.0625,-0.046875,-0.03125,-0.015625,0,0.015625,0.03125,0.046875,0.0625,0.078125,0.09375,0.109375,0.125,0.140625,0.15625,0.171875,0.1875,0.203125,0.21875,0.234375,0.25,0.265625,0.28125,0.296875,0.3125,0.328125,0.34375,0.359375,0.375,0.390625,0.40625,0.421875,0.4375,0.453125,0.46875,0.484375,0.5],"_type":"histogram"},"obs_viols_std":0,"col_cross_mean":0,"ade_min":0.0006294840154323876,"obs_viols_hist":{"_type":"histogram","values":[0,0,0,0,0,0,0,0,0,0,0,0,0,0,0,0,0,0,0,0,0,0,0,0,0,0,0,0,0,0,0,0,8982,0,0,0,0,0,0,0,0,0,0,0,0,0,0,0,0,0,0,0,0,0,0,0,0,0,0,0,0,0,0,0],"bins":[-0.5,-0.484375,-0.46875,-0.453125,-0.4375,-0.421875,-0.40625,-0.390625,-0.375,-0.359375,-0.34375,-0.328125,-0.3125,-0.296875,-0.28125,-0.265625,-0.25,-0.234375,-0.21875,-0.203125,-0.1875,-0.171875,-0.15625,-0.140625,-0.125,-0.109375,-0.09375,-0.078125,-0.0625,-0.046875,-0.03125,-0.015625,0,0.015625,0.03125,0.046875,0.0625,0.078125,0.09375,0.109375,0.125,0.140625,0.15625,0.171875,0.1875,0.203125,0.21875,0.234375,0.25,0.265625,0.28125,0.296875,0.3125,0.328125,0.34375,0.359375,0.375,0.390625,0.40625,0.421875,0.4375,0.453125,0.46875,0.484375,0.5]},"kde_hist":{"values":[0,0,0,0,0,0,0,0,0,0,0,0,0,0,0,0,0,0,0,0,0,0,0,0,0,0,0,0,0,0,0,0,8982,0,0,0,0,0,0,0,0,0,0,0,0,0,0,0,0,0,0,0,0,0,0,0,0,0,0,0,0,0,0,0],"bins":[-0.5,-0.484375,-0.46875,-0.453125,-0.4375,-0.421875,-0.40625,-0.390625,-0.375,-0.359375,-0.34375,-0.328125,-0.3125,-0.296875,-0.28125,-0.265625,-0.25,-0.234375,-0.21875,-0.203125,-0.1875,-0.171875,-0.15625,-0.140625,-0.125,-0.109375,-0.09375,-0.078125,-0.0625,-0.046875,-0.03125,-0.015625,0,0.015625,0.03125,0.046875,0.0625,0.078125,0.09375,0.109375,0.125,0.140625,0.15625,0.171875,0.1875,0.203125,0.21875,0.234375,0.25,0.265625,0.28125,0.296875,0.3125,0.328125,0.34375,0.359375,0.375,0.390625,0.40625,0.421875,0.4375,0.453125,0.46875,0.484375,0.5],"_type":"histogram"},"fde_median":0.25465596499334553,"kde_mean":0,"ade_box_plot":{"format":"png","width":500,"height":500,"_type":"image-file","sha256":"c8b6481bfd80c62b1bc9fc3fea6db5355ea2b4820d439501dc4bdca79fcde57c","size":9523,"path":"media/images/ade_box_plot_17500_c8b6481bfd80c62b1bc9.png"},"Agent/loss":-10.029651641845703,"nll_max":-15.978721618652344,"col_cross_median":0,"ade_mean":0.1295654764168229,"col_cross_max":0,"col_truth_max":0,"col_joint_median":0,"_timestamp":1.742500945234283e+09,"ade_median":0.10297509818673632,"col_truth_std":0,"nll_min":-20.3693790435791,"col_truth_median":0,"nll_median":-17.29309844970703,"fde_min":0.0007872559025715102,"fde_std":0.31279625411709727,"col_joint_max":0,"col_cross_min":0,"fde_mean":0.3269420137032013,"ade_max":1.4946001331452639,"col_truth_hist":{"_type":"histogram","values":[0,0,0,0,0,0,0,0,0,0,0,0,0,0,0,0,0,0,0,0,0,0,0,0,0,0,0,0,0,0,0,0,8982,0,0,0,0,0,0,0,0,0,0,0,0,0,0,0,0,0,0,0,0,0,0,0,0,0,0,0,0,0,0,0],"bins":[-0.5,-0.484375,-0.46875,-0.453125,-0.4375,-0.421875,-0.40625,-0.390625,-0.375,-0.359375,-0.34375,-0.328125,-0.3125,-0.296875,-0.28125,-0.265625,-0.25,-0.234375,-0.21875,-0.203125,-0.1875,-0.171875,-0.15625,-0.140625,-0.125,-0.109375,-0.09375,-0.078125,-0.0625,-0.046875,-0.03125,-0.015625,0,0.015625,0.03125,0.046875,0.0625,0.078125,0.09375,0.109375,0.125,0.140625,0.15625,0.171875,0.1875,0.203125,0.21875,0.234375,0.25,0.265625,0.28125,0.296875,0.3125,0.328125,0.34375,0.359375,0.375,0.390625,0.40625,0.421875,0.4375,0.453125,0.46875,0.484375,0.5]},"kde_max":0,"ade_hist":{"values":[1530,759,973,913,862,743,580,550,406,330,258,213,176,131,115,79,67,55,39,32,34,19,18,15,14,9,10,8,6,7,3,5,1,3,2,3,0,4,0,0,2,1,0,0,0,0,1,1,0,1,1,0,0,0,0,1,0,0,0,1,0,0,0,1],