{"Agent/latent/temp":1.7948380708694458,"Agent/latent/z_logit_clip":0.11103227734565735,"Agent/loss":15.56808853149414,"Agent/mutual_information_q":0.0022194385528564453,"Agent/true_kl":0.008957820013165474,"_runtime":54.289088669,"Agent/mutual_information_p":0.0028018951416015625,"train/loss":15.56808853149414,"Agent/kl_weight":2.5831239223480225,"_step":36,"Agent/log_likelihood":-9.900405883789062,"_wandb":{"runtime":54},"Agent/kl":0.07000000029802322,"_timestamp":1.7419511205261316e+09,"train/learning_rate":0.000996406292865887}